Fluxo;Município;País;Código SH4;Descrição SH4;Ano;mes_numero;mes_nome;Valor US$ FOB;Quilograma Líquido
Exportação;Cubatão - SP;China;1201;Soja, mesmo triturada;2019;2;Fevereiro;6501908;19146162
Exportação;Cubatão - SP;China;1201;Soja, mesmo triturada;2019;3;Março;9842111;28981732
Exportação;Cubatão - SP;China;1201;Soja, mesmo triturada;2019;4;Abril;11708692;35114226
Exportação;Cubatão - SP;China;1201;Soja, mesmo triturada;2019;5;Maio;4650770;14783746
Exportação;Cubatão - SP;China;1201;Soja, mesmo triturada;2019;6;Junho;9297122;28076852
Exportação;Cubatão - SP;China;1201;Soja, mesmo triturada;2019;7;Julho;713141;2000002
Exportação;Cubatão - SP;China;1201;Soja, mesmo triturada;2019;8;Agosto;461398;1300001
Exportação;Cubatão - SP;China;1201;Soja, mesmo triturada;2020;1;Janeiro;1123387;3185570
Exportação;Cubatão - SP;China;1201;Soja, mesmo triturada;2020;2;Fevereiro;11356350;33777558
Exportação;Cubatão - SP;China;1201;Soja, mesmo triturada;2020;3;Março;26699116;80233605
Exportação;Cubatão - SP;China;1201;Soja, mesmo triturada;2020;4;Abril;15176180;45152342
Exportação;Cubatão - SP;China;1201;Soja, mesmo triturada;2020;5;Maio;21544203;66697044
Exportação;Cubatão - SP;China;1201;Soja, mesmo triturada;2020;6;Junho;2579646;7812123
Exportação;Cubatão - SP;China;1201;Soja, mesmo triturada;2020;7;Julho;550519;1554545
Exportação;Cubatão - SP;China;1201;Soja, mesmo triturada;2021;2;Fevereiro;8018099;24078241
Exportação;Cubatão - SP;China;1201;Soja, mesmo triturada;2021;3;Março;25419294;69219757
Exportação;Cubatão - SP;China;1201;Soja, mesmo triturada;2021;4;Abril;35803172;101062761
Exportação;Cubatão - SP;China;1201;Soja, mesmo triturada;2021;5;Maio;32929330;70382074
Exportação;Cubatão - SP;China;1201;Soja, mesmo triturada;2021;6;Junho;23901665;60658265
Exportação;Cubatão - SP;China;1201;Soja, mesmo triturada;2021;7;Julho;7207239;19770336
Exportação;Cubatão - SP;China;1201;Soja, mesmo triturada;2021;8;Agosto;2327686;6484243
Exportação;Cubatão - SP;China;1201;Soja, mesmo triturada;2021;9;Setembro;2732141;5111398
Exportação;Cubatão - SP;China;1201;Soja, mesmo triturada;2021;10;Outubro;21824403;41045891
Exportação;Cubatão - SP;China;1201;Soja, mesmo triturada;2021;11;Novembro;9478207;18874523
Exportação;Cubatão - SP;China;1201;Soja, mesmo triturada;2021;12;Dezembro;3517490;6714050
Exportação;Cubatão - SP;China;1201;Soja, mesmo triturada;2022;1;Janeiro;9991171;18685322
Exportação;Cubatão - SP;China;1201;Soja, mesmo triturada;2022;2;Fevereiro;23168083;43848629
Exportação;Cubatão - SP;China;1201;Soja, mesmo triturada;2022;3;Março;58741538;97969463
Exportação;Cubatão - SP;China;1201;Soja, mesmo triturada;2022;4;Abril;64183647;100878722
Exportação;Cubatão - SP;China;1201;Soja, mesmo triturada;2022;5;Maio;63363717;104257166
Exportação;Cubatão - SP;China;1201;Soja, mesmo triturada;2022;6;Junho;43845693;70981820
Exportação;Cubatão - SP;China;1201;Soja, mesmo triturada;2022;7;Julho;30610226;50772518
Exportação;Cubatão - SP;China;1201;Soja, mesmo triturada;2022;8;Agosto;15803647;26628506
Exportação;Cubatão - SP;China;1201;Soja, mesmo triturada;2022;9;Setembro;6755005;11072797
Exportação;Cubatão - SP;China;1201;Soja, mesmo triturada;2022;10;Outubro;24915999;39350844
Exportação;Cubatão - SP;China;1201;Soja, mesmo triturada;2022;11;Novembro;4628700;6370982
Exportação;Cubatão - SP;China;1201;Soja, mesmo triturada;2022;12;Dezembro;6805221;10704739
Exportação;Cubatão - SP;China;1201;Soja, mesmo triturada;2023;1;Janeiro;10042141;17603976
Exportação;Cubatão - SP;China;1201;Soja, mesmo triturada;2023;2;Fevereiro;44320763;80794834
Exportação;Cubatão - SP;China;1201;Soja, mesmo triturada;2023;3;Março;60521600;113955268
Exportação;Cubatão - SP;China;1201;Soja, mesmo triturada;2023;4;Abril;87921288;168767197
Exportação;Cubatão - SP;China;1201;Soja, mesmo triturada;2023;5;Maio;81193439;166995108
Exportação;Cubatão - SP;China;1201;Soja, mesmo triturada;2023;6;Junho;30812171;65974964
Exportação;Cubatão - SP;China;1201;Soja, mesmo triturada;2023;7;Julho;15852367;33236804
Exportação;Cubatão - SP;China;1201;Soja, mesmo triturada;2023;8;Agosto;21923242;43148987
Exportação;Cubatão - SP;China;1201;Soja, mesmo triturada;2023;9;Setembro;29684527;53272211
Exportação;Cubatão - SP;China;1201;Soja, mesmo triturada;2023;10;Outubro;22690432;43536837
Exportação;Cubatão - SP;China;1201;Soja, mesmo triturada;2023;11;Novembro;11544100;22111369
Exportação;Cubatão - SP;China;1201;Soja, mesmo triturada;2023;12;Dezembro;1070955;1786474
Exportação;Cubatão - SP;China;1201;Soja, mesmo triturada;2024;1;Janeiro;9093171;16215217
Exportação;Cubatão - SP;China;1201;Soja, mesmo triturada;2024;2;Fevereiro;26413861;63102806
Exportação;Cubatão - SP;China;1201;Soja, mesmo triturada;2024;3;Março;55078073;137343051
Exportação;Cubatão - SP;China;1201;Soja, mesmo triturada;2024;4;Abril;26479328;63094666
Exportação;Cubatão - SP;China;1201;Soja, mesmo triturada;2024;5;Maio;30378916;69576164
Exportação;Cubatão - SP;China;1201;Soja, mesmo triturada;2024;6;Junho;22129996;49168444
Exportação;Cubatão - SP;China;1201;Soja, mesmo triturada;2024;7;Julho;26674647;61763964
Exportação;Cubatão - SP;China;1201;Soja, mesmo triturada;2024;8;Agosto;26676478;64400590
Exportação;Cubatão - SP;China;1201;Soja, mesmo triturada;2024;9;Setembro;1403663;3306747
Exportação;Cubatão - SP;China;1201;Soja, mesmo triturada;2024;10;Outubro;3456650;7747897
Exportação;Cubatão - SP;China;1201;Soja, mesmo triturada;2024;11;Novembro;133588;295961
Exportação;Cubatão - SP;China;1201;Soja, mesmo triturada;2025;2;Fevereiro;34990854;94531847
Exportação;Cubatão - SP;China;1201;Soja, mesmo triturada;2025;3;Março;34530994;90626269
Exportação;Cubatão - SP;China;1201;Soja, mesmo triturada;2025;4;Abril;30807889;80332915
Exportação;Cubatão - SP;China;1201;Soja, mesmo triturada;2025;5;Maio;26965420;69146691
Exportação;Cubatão - SP;China;1201;Soja, mesmo triturada;2025;6;Junho;17952482;45393118
Exportação;Cubatão - SP;China;1201;Soja, mesmo triturada;2025;7;Julho;26867688;64187399
Exportação;Cubatão - SP;China;1201;Soja, mesmo triturada;2025;8;Agosto;4600749;11022683
Exportação;Cubatão - SP;China;1201;Soja, mesmo triturada;2025;9;Setembro;6346949;14698190
Exportação;Cubatão - SP;China;1201;Soja, mesmo triturada;2025;10;Outubro;12382852;28865657
Exportação;Cubatão - SP;China;1201;Soja, mesmo triturada;2025;11;Novembro;880193;1995811
Exportação;Cubatão - SP;China;1201;Soja, mesmo triturada;2025;12;Dezembro;1155112;2689473
Exportação;Cubatão - SP;China;1201;Soja, mesmo triturada;2026;1;Janeiro;336304;786824
Exportação;Cubatão - SP;China;1201;Soja, mesmo triturada;2026;2;Fevereiro;7033556;17001352
Exportação;Cubatão - SP;China;1201;Soja, mesmo triturada;2026;3;Março;40894805;101956838
Exportação;Cubatão - SP;China;1201;Soja, mesmo triturada;2026;4;Abril;43670415;107307370
Exportação;Cubatão - SP;China;1201;Soja, mesmo triturada;2026;5;Maio;26328728;61577161
Exportação;Cubatão - SP;China;1201;Soja, mesmo triturada;2026;6;Junho;14773491;35306295
Exportação;Cubatão - SP;China;1201;Soja, mesmo triturada;2026;7;Julho;22411585;52950779
Exportação;Guarujá - SP;China;1201;Soja, mesmo triturada;2019;1;Janeiro;17242019;46795759
Exportação;Guarujá - SP;China;1201;Soja, mesmo triturada;2019;2;Fevereiro;62585178;171510873
Exportação;Guarujá - SP;China;1201;Soja, mesmo triturada;2019;3;Março;109840105;308816236
Exportação;Guarujá - SP;China;1201;Soja, mesmo triturada;2019;4;Abril;107936322;307716055
Exportação;Guarujá - SP;China;1201;Soja, mesmo triturada;2019;5;Maio;54301777;160463817
Exportação;Guarujá - SP;China;1201;Soja, mesmo triturada;2019;6;Junho;51078857;152280805
Exportação;Guarujá - SP;China;1201;Soja, mesmo triturada;2019;7;Julho;39191158;111331215
Exportação;Guarujá - SP;China;1201;Soja, mesmo triturada;2019;8;Agosto;7628533;20685364
Exportação;Guarujá - SP;China;1201;Soja, mesmo triturada;2019;9;Setembro;10797386;29378466
Exportação;Guarujá - SP;China;1201;Soja, mesmo triturada;2019;10;Outubro;23950249;62750752
Exportação;Guarujá - SP;China;1201;Soja, mesmo triturada;2019;11;Novembro;39390250;108473871
Exportação;Guarujá - SP;China;1201;Soja, mesmo triturada;2019;12;Dezembro;2261679;6257216
Exportação;Guarujá - SP;China;1201;Soja, mesmo triturada;2020;1;Janeiro;1761797;4999999
Exportação;Guarujá - SP;China;1201;Soja, mesmo triturada;2020;2;Fevereiro;21054388;59698786
Exportação;Guarujá - SP;China;1201;Soja, mesmo triturada;2020;3;Março;111357310;323497006
Exportação;Guarujá - SP;China;1201;Soja, mesmo triturada;2020;4;Abril;83309610;238628115
Exportação;Guarujá - SP;China;1201;Soja, mesmo triturada;2020;5;Maio;88943076;269558752
Exportação;Guarujá - SP;China;1201;Soja, mesmo triturada;2020;6;Junho;53082260;159044317
Exportação;Guarujá - SP;China;1201;Soja, mesmo triturada;2020;7;Julho;44211909;126819228
Exportação;Guarujá - SP;China;1201;Soja, mesmo triturada;2020;8;Agosto;15941546;45423568
Exportação;Guarujá - SP;China;1201;Soja, mesmo triturada;2020;11;Novembro;1988918;5637367
Exportação;Guarujá - SP;China;1201;Soja, mesmo triturada;2021;2;Fevereiro;37854061;75045391
Exportação;Guarujá - SP;China;1201;Soja, mesmo triturada;2021;3;Março;127996433;313083343
Exportação;Guarujá - SP;China;1201;Soja, mesmo triturada;2021;4;Abril;161595554;338857367
Exportação;Guarujá - SP;China;1201;Soja, mesmo triturada;2021;5;Maio;127767858;231560782
Exportação;Guarujá - SP;China;1201;Soja, mesmo triturada;2021;6;Junho;54332640;97458121
Exportação;Guarujá - SP;China;1201;Soja, mesmo triturada;2021;7;Julho;18302303;44839027
Exportação;Guarujá - SP;China;1201;Soja, mesmo triturada;2021;8;Agosto;22263183;42927998
Exportação;Guarujá - SP;China;1201;Soja, mesmo triturada;2021;9;Setembro;58171662;101803874
Exportação;Guarujá - SP;China;1201;Soja, mesmo triturada;2021;10;Outubro;14962658;30197076
Exportação;Guarujá - SP;China;1201;Soja, mesmo triturada;2021;11;Novembro;20761012;46848918
Exportação;Guarujá - SP;China;1201;Soja, mesmo triturada;2021;12;Dezembro;27716431;55009908
Exportação;Guarujá - SP;China;1201;Soja, mesmo triturada;2022;1;Janeiro;17613027;34226287
Exportação;Guarujá - SP;China;1201;Soja, mesmo triturada;2022;2;Fevereiro;30315167;59273685
Exportação;Guarujá - SP;China;1201;Soja, mesmo triturada;2022;3;Março;138251337;243095051
Exportação;Guarujá - SP;China;1201;Soja, mesmo triturada;2022;4;Abril;143677818;235384999
Exportação;Guarujá - SP;China;1201;Soja, mesmo triturada;2022;5;Maio;121221835;179284968
Exportação;Guarujá - SP;China;1201;Soja, mesmo triturada;2022;6;Junho;78221831;114562901
Exportação;Guarujá - SP;China;1201;Soja, mesmo triturada;2022;7;Julho;127417247;191715550
Exportação;Guarujá - SP;China;1201;Soja, mesmo triturada;2022;8;Agosto;30596539;47013398
Exportação;Guarujá - SP;China;1201;Soja, mesmo triturada;2023;2;Fevereiro;64994917;110288505
Exportação;Guarujá - SP;China;1201;Soja, mesmo triturada;2023;3;Março;256976352;456359317
Exportação;Guarujá - SP;China;1201;Soja, mesmo triturada;2023;4;Abril;152609029;282773197
Exportação;Guarujá - SP;China;1201;Soja, mesmo triturada;2023;5;Maio;41531661;78575394
Exportação;Guarujá - SP;China;1201;Soja, mesmo triturada;2023;6;Junho;54013245;111161973
Exportação;Guarujá - SP;China;1201;Soja, mesmo triturada;2023;7;Julho;38292866;76664118
Exportação;Guarujá - SP;China;1201;Soja, mesmo triturada;2023;8;Agosto;42470965;81952053
Exportação;Guarujá - SP;China;1201;Soja, mesmo triturada;2023;11;Novembro;22817247;41843475
Exportação;Guarujá - SP;China;1201;Soja, mesmo triturada;2023;12;Dezembro;62840811;121684637
Exportação;Guarujá - SP;China;1201;Soja, mesmo triturada;2024;2;Fevereiro;86051590;203096336
Exportação;Guarujá - SP;China;1201;Soja, mesmo triturada;2024;3;Março;107893624;269317878
Exportação;Guarujá - SP;China;1201;Soja, mesmo triturada;2024;4;Abril;85160546;205046510
Exportação;Guarujá - SP;China;1201;Soja, mesmo triturada;2024;5;Maio;75080161;177283016
Exportação;Guarujá - SP;China;1201;Soja, mesmo triturada;2024;6;Junho;68200422;159284824
Exportação;Guarujá - SP;China;1201;Soja, mesmo triturada;2024;7;Julho;62929423;143430443
Exportação;Guarujá - SP;China;1201;Soja, mesmo triturada;2024;8;Agosto;63147685;145674729
Exportação;Guarujá - SP;China;1201;Soja, mesmo triturada;2024;9;Setembro;19241958;45059969
Exportação;Guarujá - SP;China;1201;Soja, mesmo triturada;2024;11;Novembro;85672;200000
Exportação;Guarujá - SP;China;1201;Soja, mesmo triturada;2025;2;Fevereiro;13711496;34379350
Exportação;Guarujá - SP;China;1201;Soja, mesmo triturada;2025;3;Março;86503431;215380118
Exportação;Guarujá - SP;China;1201;Soja, mesmo triturada;2025;4;Abril;88978241;231581665
Exportação;Guarujá - SP;China;1201;Soja, mesmo triturada;2025;5;Maio;89134692;229647407
Exportação;Guarujá - SP;China;1201;Soja, mesmo triturada;2025;6;Junho;43366609;109506663
Exportação;Guarujá - SP;China;1201;Soja, mesmo triturada;2025;7;Julho;31473423;78253494
Exportação;Guarujá - SP;China;1201;Soja, mesmo triturada;2025;8;Agosto;20259885;50925982
Exportação;Guarujá - SP;China;1201;Soja, mesmo triturada;2025;9;Setembro;42755642;103861400
Exportação;Guarujá - SP;China;1201;Soja, mesmo triturada;2025;10;Outubro;12559328;29763708
Exportação;Guarujá - SP;China;1201;Soja, mesmo triturada;2025;11;Novembro;4417836;10733185
Exportação;Guarujá - SP;China;1201;Soja, mesmo triturada;2025;12;Dezembro;10831724;25087918
Exportação;Guarujá - SP;China;1201;Soja, mesmo triturada;2026;1;Janeiro;7750412;18027906
Exportação;Guarujá - SP;China;1201;Soja, mesmo triturada;2026;2;Fevereiro;16167792;39895076
Exportação;Guarujá - SP;China;1201;Soja, mesmo triturada;2026;3;Março;60663771;153138435
Exportação;Guarujá - SP;China;1201;Soja, mesmo triturada;2026;4;Abril;134641292;327748737
Exportação;Guarujá - SP;China;1201;Soja, mesmo triturada;2026;5;Maio;87949578;207441026
Exportação;Guarujá - SP;China;1201;Soja, mesmo triturada;2026;6;Junho;85856047;201260225
Exportação;Guarujá - SP;China;1201;Soja, mesmo triturada;2026;7;Julho;53908409;122442293
Exportação;Santos - SP;China;1201;Soja, mesmo triturada;2019;2;Fevereiro;69345466;183580258
Exportação;Santos - SP;China;1201;Soja, mesmo triturada;2019;3;Março;101548700;270496300
Exportação;Santos - SP;China;1201;Soja, mesmo triturada;2019;4;Abril;64895319;184071235
Exportação;Santos - SP;China;1201;Soja, mesmo triturada;2019;5;Maio;106601797;307415464
Exportação;Santos - SP;China;1201;Soja, mesmo triturada;2019;6;Junho;85219844;253314980
Exportação;Santos - SP;China;1201;Soja, mesmo triturada;2019;7;Julho;81965256;235208126
Exportação;Santos - SP;China;1201;Soja, mesmo triturada;2019;8;Agosto;48984901;136295201
Exportação;Santos - SP;China;1201;Soja, mesmo triturada;2019;9;Setembro;31597324;88315208
Exportação;Santos - SP;China;1201;Soja, mesmo triturada;2019;10;Outubro;4216924;12000370
Exportação;Santos - SP;China;1201;Soja, mesmo triturada;2019;11;Novembro;5032805;14077433
Exportação;Santos - SP;China;1201;Soja, mesmo triturada;2019;12;Dezembro;7972287;22026074
Exportação;Santos - SP;China;1201;Soja, mesmo triturada;2020;1;Janeiro;1326672;3647611
Exportação;Santos - SP;China;1201;Soja, mesmo triturada;2020;2;Fevereiro;24318891;68682683
Exportação;Santos - SP;China;1201;Soja, mesmo triturada;2020;3;Março;148990828;424906095
Exportação;Santos - SP;China;1201;Soja, mesmo triturada;2020;4;Abril;257614483;756741873
Exportação;Santos - SP;China;1201;Soja, mesmo triturada;2020;5;Maio;142400270;415708352
Exportação;Santos - SP;China;1201;Soja, mesmo triturada;2020;6;Junho;100747393;297195530
Exportação;Santos - SP;China;1201;Soja, mesmo triturada;2020;7;Julho;68222887;194513217
Exportação;Santos - SP;China;1201;Soja, mesmo triturada;2020;8;Agosto;27602936;78825224
Exportação;Santos - SP;China;1201;Soja, mesmo triturada;2020;9;Setembro;6354186;17364591
Exportação;Santos - SP;China;1201;Soja, mesmo triturada;2020;10;Outubro;752638;2144148
Exportação;Santos - SP;China;1201;Soja, mesmo triturada;2020;11;Novembro;55667;116902
Exportação;Santos - SP;China;1201;Soja, mesmo triturada;2020;12;Dezembro;105907;301880
Exportação;Santos - SP;China;1201;Soja, mesmo triturada;2021;2;Fevereiro;21419132;54341208
Exportação;Santos - SP;China;1201;Soja, mesmo triturada;2021;3;Março;174944002;478249726
Exportação;Santos - SP;China;1201;Soja, mesmo triturada;2021;4;Abril;182267230;517757489
Exportação;Santos - SP;China;1201;Soja, mesmo triturada;2021;5;Maio;191150105;464510068
Exportação;Santos - SP;China;1201;Soja, mesmo triturada;2021;6;Junho;111459998;257711576
Exportação;Santos - SP;China;1201;Soja, mesmo triturada;2021;7;Julho;73389088;193551819
Exportação;Santos - SP;China;1201;Soja, mesmo triturada;2021;8;Agosto;18603632;34015730
Exportação;Santos - SP;China;1201;Soja, mesmo triturada;2021;9;Setembro;24482555;46768026
Exportação;Santos - SP;China;1201;Soja, mesmo triturada;2021;10;Outubro;303941;562611
Exportação;Santos - SP;China;1201;Soja, mesmo triturada;2021;11;Novembro;40990647;78982590
Exportação;Santos - SP;China;1201;Soja, mesmo triturada;2021;12;Dezembro;23906387;46579637
Exportação;Santos - SP;China;1201;Soja, mesmo triturada;2022;1;Janeiro;23692692;46121598
Exportação;Santos - SP;China;1201;Soja, mesmo triturada;2022;2;Fevereiro;51426985;101468701
Exportação;Santos - SP;China;1201;Soja, mesmo triturada;2022;3;Março;242046342;464142722
Exportação;Santos - SP;China;1201;Soja, mesmo triturada;2022;4;Abril;259765964;444517530
Exportação;Santos - SP;China;1201;Soja, mesmo triturada;2022;5;Maio;282156326;447994405
Exportação;Santos - SP;China;1201;Soja, mesmo triturada;2022;6;Junho;207514707;335667862
Exportação;Santos - SP;China;1201;Soja, mesmo triturada;2022;7;Julho;67852427;112646932
Exportação;Santos - SP;China;1201;Soja, mesmo triturada;2022;8;Agosto;28092014;44292203
Exportação;Santos - SP;China;1201;Soja, mesmo triturada;2022;9;Setembro;32382046;51559982
Exportação;Santos - SP;China;1201;Soja, mesmo triturada;2022;10;Outubro;82580222;131653320
Exportação;Santos - SP;China;1201;Soja, mesmo triturada;2022;11;Novembro;82066317;135966837
Exportação;Santos - SP;China;1201;Soja, mesmo triturada;2022;12;Dezembro;58630502;98246138
Exportação;Santos - SP;China;1201;Soja, mesmo triturada;2023;2;Fevereiro;61780358;110852242
Exportação;Santos - SP;China;1201;Soja, mesmo triturada;2023;3;Março;340885956;602579913
Exportação;Santos - SP;China;1201;Soja, mesmo triturada;2023;4;Abril;276415569;505819685
Exportação;Santos - SP;China;1201;Soja, mesmo triturada;2023;5;Maio;259640961;521802268
Exportação;Santos - SP;China;1201;Soja, mesmo triturada;2023;6;Junho;215690277;450452822
Exportação;Santos - SP;China;1201;Soja, mesmo triturada;2023;7;Julho;174635022;354987688
Exportação;Santos - SP;China;1201;Soja, mesmo triturada;2023;8;Agosto;65497735;129419437
Exportação;Santos - SP;China;1201;Soja, mesmo triturada;2023;9;Setembro;53857088;104772163
Exportação;Santos - SP;China;1201;Soja, mesmo triturada;2023;10;Outubro;70264789;130748000
Exportação;Santos - SP;China;1201;Soja, mesmo triturada;2023;11;Novembro;52160002;95150484
Exportação;Santos - SP;China;1201;Soja, mesmo triturada;2023;12;Dezembro;47515065;90343948
Exportação;Santos - SP;China;1201;Soja, mesmo triturada;2024;1;Janeiro;6042648;11442537
Exportação;Santos - SP;China;1201;Soja, mesmo triturada;2024;2;Fevereiro;58057429;123996429
Exportação;Santos - SP;China;1201;Soja, mesmo triturada;2024;3;Março;225803364;524903040
Exportação;Santos - SP;China;1201;Soja, mesmo triturada;2024;4;Abril;173341991;401054419
Exportação;Santos - SP;China;1201;Soja, mesmo triturada;2024;5;Maio;177210531;415406709
Exportação;Santos - SP;China;1201;Soja, mesmo triturada;2024;6;Junho;127228769;288480772
Exportação;Santos - SP;China;1201;Soja, mesmo triturada;2024;7;Julho;94683192;213029232
Exportação;Santos - SP;China;1201;Soja, mesmo triturada;2024;8;Agosto;54009927;124324158
Exportação;Santos - SP;China;1201;Soja, mesmo triturada;2024;9;Setembro;17507754;42000449
Exportação;Santos - SP;China;1201;Soja, mesmo triturada;2024;10;Outubro;14784789;35016285
Exportação;Santos - SP;China;1201;Soja, mesmo triturada;2025;1;Janeiro;275342;653722
Exportação;Santos - SP;China;1201;Soja, mesmo triturada;2025;2;Fevereiro;81307711;205037971
Exportação;Santos - SP;China;1201;Soja, mesmo triturada;2025;3;Março;138294475;350246981
Exportação;Santos - SP;China;1201;Soja, mesmo triturada;2025;4;Abril;163561623;411637051
Exportação;Santos - SP;China;1201;Soja, mesmo triturada;2025;5;Maio;162001111;406178519
Exportação;Santos - SP;China;1201;Soja, mesmo triturada;2025;6;Junho;119321129;294594270
Exportação;Santos - SP;China;1201;Soja, mesmo triturada;2025;7;Julho;76392764;181748654
Exportação;Santos - SP;China;1201;Soja, mesmo triturada;2025;8;Agosto;58578840;137650587
Exportação;Santos - SP;China;1201;Soja, mesmo triturada;2025;9;Setembro;14865936;34808840
Exportação;Santos - SP;China;1201;Soja, mesmo triturada;2025;10;Outubro;799857;1859499
Exportação;Santos - SP;China;1201;Soja, mesmo triturada;2025;11;Novembro;2077512;4694406
Exportação;Santos - SP;China;1201;Soja, mesmo triturada;2025;12;Dezembro;34960;79774
Exportação;Santos - SP;China;1201;Soja, mesmo triturada;2026;1;Janeiro;3050;7210
Exportação;Santos - SP;China;1201;Soja, mesmo triturada;2026;2;Fevereiro;24617762;60366785
Exportação;Santos - SP;China;1201;Soja, mesmo triturada;2026;3;Março;61209344;150050920
Exportação;Santos - SP;China;1201;Soja, mesmo triturada;2026;4;Abril;124828822;298434387
Exportação;Santos - SP;China;1201;Soja, mesmo triturada;2026;5;Maio;111264975;256018815
Exportação;Santos - SP;China;1201;Soja, mesmo triturada;2026;6;Junho;57678309;130716467
Exportação;Santos - SP;China;1201;Soja, mesmo triturada;2026;7;Julho;57490351;128713938
Importação;Cubatão - SP;Chile;2501;Sal (incluídos o sal de mesa e o sal desnaturado) e cloreto de sódio puro, mesmo em solução aquosa ou adicionados de agentes antiaglomerantes;2019;1;Janeiro;901420;51850000
Importação;Cubatão - SP;Chile;2501;Sal (incluídos o sal de mesa e o sal desnaturado) e cloreto de sódio puro, mesmo em solução aquosa ou adicionados de agentes antiaglomerantes;2019;2;Fevereiro;1758046;101075000
Importação;Cubatão - SP;Chile;2501;Sal (incluídos o sal de mesa e o sal desnaturado) e cloreto de sódio puro, mesmo em solução aquosa ou adicionados de agentes antiaglomerantes;2019;4;Abril;933308;53315000
Importação;Cubatão - SP;Chile;2501;Sal (incluídos o sal de mesa e o sal desnaturado) e cloreto de sódio puro, mesmo em solução aquosa ou adicionados de agentes antiaglomerantes;2019;5;Maio;882569;50650000
Importação;Cubatão - SP;Chile;2501;Sal (incluídos o sal de mesa e o sal desnaturado) e cloreto de sódio puro, mesmo em solução aquosa ou adicionados de agentes antiaglomerantes;2019;7;Julho;928175;53200000
Importação;Cubatão - SP;Chile;2501;Sal (incluídos o sal de mesa e o sal desnaturado) e cloreto de sódio puro, mesmo em solução aquosa ou adicionados de agentes antiaglomerantes;2019;8;Agosto;891518;51255233
Importação;Cubatão - SP;Chile;2501;Sal (incluídos o sal de mesa e o sal desnaturado) e cloreto de sódio puro, mesmo em solução aquosa ou adicionados de agentes antiaglomerantes;2019;9;Setembro;972521;55926321
Importação;Cubatão - SP;Chile;2501;Sal (incluídos o sal de mesa e o sal desnaturado) e cloreto de sódio puro, mesmo em solução aquosa ou adicionados de agentes antiaglomerantes;2019;11;Novembro;896559;51674635
Importação;Cubatão - SP;Chile;2501;Sal (incluídos o sal de mesa e o sal desnaturado) e cloreto de sódio puro, mesmo em solução aquosa ou adicionados de agentes antiaglomerantes;2020;1;Janeiro;832676;47884708
Importação;Cubatão - SP;Chile;2501;Sal (incluídos o sal de mesa e o sal desnaturado) e cloreto de sódio puro, mesmo em solução aquosa ou adicionados de agentes antiaglomerantes;2020;2;Fevereiro;1441488;74026280
Importação;Cubatão - SP;Chile;2501;Sal (incluídos o sal de mesa e o sal desnaturado) e cloreto de sódio puro, mesmo em solução aquosa ou adicionados de agentes antiaglomerantes;2020;4;Abril;1852371;86980563
Importação;Cubatão - SP;Chile;2501;Sal (incluídos o sal de mesa e o sal desnaturado) e cloreto de sódio puro, mesmo em solução aquosa ou adicionados de agentes antiaglomerantes;2020;5;Maio;1051662;49406244
Importação;Cubatão - SP;Chile;2501;Sal (incluídos o sal de mesa e o sal desnaturado) e cloreto de sódio puro, mesmo em solução aquosa ou adicionados de agentes antiaglomerantes;2020;6;Junho;910379;42856126
Importação;Cubatão - SP;Chile;2501;Sal (incluídos o sal de mesa e o sal desnaturado) e cloreto de sódio puro, mesmo em solução aquosa ou adicionados de agentes antiaglomerantes;2020;7;Julho;1015105;47725160
Importação;Cubatão - SP;Chile;2501;Sal (incluídos o sal de mesa e o sal desnaturado) e cloreto de sódio puro, mesmo em solução aquosa ou adicionados de agentes antiaglomerantes;2020;8;Agosto;1087504;50614298
Importação;Cubatão - SP;Chile;2501;Sal (incluídos o sal de mesa e o sal desnaturado) e cloreto de sódio puro, mesmo em solução aquosa ou adicionados de agentes antiaglomerantes;2020;10;Outubro;1095792;50927422
Importação;Cubatão - SP;Chile;2501;Sal (incluídos o sal de mesa e o sal desnaturado) e cloreto de sódio puro, mesmo em solução aquosa ou adicionados de agentes antiaglomerantes;2020;11;Novembro;1045212;48788636
Importação;Cubatão - SP;Chile;2501;Sal (incluídos o sal de mesa e o sal desnaturado) e cloreto de sódio puro, mesmo em solução aquosa ou adicionados de agentes antiaglomerantes;2021;1;Janeiro;1116722;52030951
Importação;Cubatão - SP;Chile;2501;Sal (incluídos o sal de mesa e o sal desnaturado) e cloreto de sódio puro, mesmo em solução aquosa ou adicionados de agentes antiaglomerantes;2021;2;Fevereiro;1047695;48709703
Importação;Cubatão - SP;Chile;2501;Sal (incluídos o sal de mesa e o sal desnaturado) e cloreto de sódio puro, mesmo em solução aquosa ou adicionados de agentes antiaglomerantes;2021;3;Março;1090407;51180024
Importação;Cubatão - SP;Chile;2501;Sal (incluídos o sal de mesa e o sal desnaturado) e cloreto de sódio puro, mesmo em solução aquosa ou adicionados de agentes antiaglomerantes;2021;4;Abril;1091814;51218338
Importação;Cubatão - SP;Chile;2501;Sal (incluídos o sal de mesa e o sal desnaturado) e cloreto de sódio puro, mesmo em solução aquosa ou adicionados de agentes antiaglomerantes;2021;5;Maio;1027165;48225629
Importação;Cubatão - SP;Chile;2501;Sal (incluídos o sal de mesa e o sal desnaturado) e cloreto de sódio puro, mesmo em solução aquosa ou adicionados de agentes antiaglomerantes;2021;6;Junho;1099417;51535311
Importação;Cubatão - SP;Chile;2501;Sal (incluídos o sal de mesa e o sal desnaturado) e cloreto de sódio puro, mesmo em solução aquosa ou adicionados de agentes antiaglomerantes;2021;7;Julho;1100647;51341322
Importação;Cubatão - SP;Chile;2501;Sal (incluídos o sal de mesa e o sal desnaturado) e cloreto de sódio puro, mesmo em solução aquosa ou adicionados de agentes antiaglomerantes;2021;9;Setembro;1098731;50554360
Importação;Cubatão - SP;Chile;2501;Sal (incluídos o sal de mesa e o sal desnaturado) e cloreto de sódio puro, mesmo em solução aquosa ou adicionados de agentes antiaglomerantes;2021;10;Outubro;2020488;92967218
Importação;Cubatão - SP;Chile;2501;Sal (incluídos o sal de mesa e o sal desnaturado) e cloreto de sódio puro, mesmo em solução aquosa ou adicionados de agentes antiaglomerantes;2021;11;Novembro;1066539;49047422
Importação;Cubatão - SP;Chile;2501;Sal (incluídos o sal de mesa e o sal desnaturado) e cloreto de sódio puro, mesmo em solução aquosa ou adicionados de agentes antiaglomerantes;2021;12;Dezembro;2179421;100317412
Importação;Cubatão - SP;Chile;2501;Sal (incluídos o sal de mesa e o sal desnaturado) e cloreto de sódio puro, mesmo em solução aquosa ou adicionados de agentes antiaglomerantes;2022;2;Fevereiro;1139281;51161590
Importação;Cubatão - SP;Chile;2501;Sal (incluídos o sal de mesa e o sal desnaturado) e cloreto de sódio puro, mesmo em solução aquosa ou adicionados de agentes antiaglomerantes;2022;5;Maio;3298882;147822341
Importação;Cubatão - SP;Chile;2501;Sal (incluídos o sal de mesa e o sal desnaturado) e cloreto de sódio puro, mesmo em solução aquosa ou adicionados de agentes antiaglomerantes;2022;7;Julho;1128018;51322398
Importação;Cubatão - SP;Chile;2501;Sal (incluídos o sal de mesa e o sal desnaturado) e cloreto de sódio puro, mesmo em solução aquosa ou adicionados de agentes antiaglomerantes;2022;8;Agosto;1139633;48594707
Importação;Cubatão - SP;Chile;2501;Sal (incluídos o sal de mesa e o sal desnaturado) e cloreto de sódio puro, mesmo em solução aquosa ou adicionados de agentes antiaglomerantes;2022;9;Setembro;1139395;48369082
Importação;Cubatão - SP;Chile;2501;Sal (incluídos o sal de mesa e o sal desnaturado) e cloreto de sódio puro, mesmo em solução aquosa ou adicionados de agentes antiaglomerantes;2022;10;Outubro;1134667;48369178
Importação;Cubatão - SP;Chile;2501;Sal (incluídos o sal de mesa e o sal desnaturado) e cloreto de sódio puro, mesmo em solução aquosa ou adicionados de agentes antiaglomerantes;2022;11;Novembro;1137325;48500000
Importação;Cubatão - SP;Chile;2501;Sal (incluídos o sal de mesa e o sal desnaturado) e cloreto de sódio puro, mesmo em solução aquosa ou adicionados de agentes antiaglomerantes;2022;12;Dezembro;1127292;48071297
Importação;Cubatão - SP;Chile;2501;Sal (incluídos o sal de mesa e o sal desnaturado) e cloreto de sódio puro, mesmo em solução aquosa ou adicionados de agentes antiaglomerantes;2023;2;Fevereiro;1193010;48300000
Importação;Cubatão - SP;Chile;2501;Sal (incluídos o sal de mesa e o sal desnaturado) e cloreto de sódio puro, mesmo em solução aquosa ou adicionados de agentes antiaglomerantes;2023;3;Março;2494501;100974731
Importação;Cubatão - SP;Chile;2501;Sal (incluídos o sal de mesa e o sal desnaturado) e cloreto de sódio puro, mesmo em solução aquosa ou adicionados de agentes antiaglomerantes;2023;5;Maio;1193144;48303208
Importação;Cubatão - SP;Chile;2501;Sal (incluídos o sal de mesa e o sal desnaturado) e cloreto de sódio puro, mesmo em solução aquosa ou adicionados de agentes antiaglomerantes;2023;6;Junho;1267320;51284539
Importação;Cubatão - SP;Chile;2501;Sal (incluídos o sal de mesa e o sal desnaturado) e cloreto de sódio puro, mesmo em solução aquosa ou adicionados de agentes antiaglomerantes;2023;7;Julho;1229280;48741364
Importação;Cubatão - SP;Chile;2501;Sal (incluídos o sal de mesa e o sal desnaturado) e cloreto de sódio puro, mesmo em solução aquosa ou adicionados de agentes antiaglomerantes;2023;8;Agosto;1311366;51833917
Importação;Cubatão - SP;Chile;2501;Sal (incluídos o sal de mesa e o sal desnaturado) e cloreto de sódio puro, mesmo em solução aquosa ou adicionados de agentes antiaglomerantes;2023;9;Setembro;1302281;51563962
Importação;Cubatão - SP;Chile;2501;Sal (incluídos o sal de mesa e o sal desnaturado) e cloreto de sódio puro, mesmo em solução aquosa ou adicionados de agentes antiaglomerantes;2023;10;Outubro;1311094;51865984
Importação;Cubatão - SP;Chile;2501;Sal (incluídos o sal de mesa e o sal desnaturado) e cloreto de sódio puro, mesmo em solução aquosa ou adicionados de agentes antiaglomerantes;2023;12;Dezembro;1300476;51558926
Importação;Cubatão - SP;Chile;2501;Sal (incluídos o sal de mesa e o sal desnaturado) e cloreto de sódio puro, mesmo em solução aquosa ou adicionados de agentes antiaglomerantes;2024;1;Janeiro;1281009;50633446
Importação;Cubatão - SP;Chile;2501;Sal (incluídos o sal de mesa e o sal desnaturado) e cloreto de sódio puro, mesmo em solução aquosa ou adicionados de agentes antiaglomerantes;2024;2;Fevereiro;1255625;48912445
Importação;Cubatão - SP;Chile;2501;Sal (incluídos o sal de mesa e o sal desnaturado) e cloreto de sódio puro, mesmo em solução aquosa ou adicionados de agentes antiaglomerantes;2024;3;Março;1230919;47950983
Importação;Cubatão - SP;Chile;2501;Sal (incluídos o sal de mesa e o sal desnaturado) e cloreto de sódio puro, mesmo em solução aquosa ou adicionados de agentes antiaglomerantes;2024;4;Abril;1314121;51095029
Importação;Cubatão - SP;Chile;2501;Sal (incluídos o sal de mesa e o sal desnaturado) e cloreto de sódio puro, mesmo em solução aquosa ou adicionados de agentes antiaglomerantes;2024;5;Maio;1305731;50859539
Importação;Cubatão - SP;Chile;2501;Sal (incluídos o sal de mesa e o sal desnaturado) e cloreto de sódio puro, mesmo em solução aquosa ou adicionados de agentes antiaglomerantes;2024;7;Julho;1342787;52305705
Importação;Cubatão - SP;Chile;2501;Sal (incluídos o sal de mesa e o sal desnaturado) e cloreto de sódio puro, mesmo em solução aquosa ou adicionados de agentes antiaglomerantes;2024;8;Agosto;1336902;51327642
Importação;Cubatão - SP;Chile;2501;Sal (incluídos o sal de mesa e o sal desnaturado) e cloreto de sódio puro, mesmo em solução aquosa ou adicionados de agentes antiaglomerantes;2024;9;Setembro;1354880;52062406
Importação;Cubatão - SP;Chile;2501;Sal (incluídos o sal de mesa e o sal desnaturado) e cloreto de sódio puro, mesmo em solução aquosa ou adicionados de agentes antiaglomerantes;2024;10;Outubro;1213735;46635000
Importação;Cubatão - SP;Chile;2501;Sal (incluídos o sal de mesa e o sal desnaturado) e cloreto de sódio puro, mesmo em solução aquosa ou adicionados de agentes antiaglomerantes;2024;12;Dezembro;1221061;46916851
Importação;Cubatão - SP;Chile;2501;Sal (incluídos o sal de mesa e o sal desnaturado) e cloreto de sódio puro, mesmo em solução aquosa ou adicionados de agentes antiaglomerantes;2025;1;Janeiro;1183294;45454284
Importação;Cubatão - SP;Chile;2501;Sal (incluídos o sal de mesa e o sal desnaturado) e cloreto de sódio puro, mesmo em solução aquosa ou adicionados de agentes antiaglomerantes;2025;2;Fevereiro;1367827;51942010
Importação;Cubatão - SP;Chile;2501;Sal (incluídos o sal de mesa e o sal desnaturado) e cloreto de sódio puro, mesmo em solução aquosa ou adicionados de agentes antiaglomerantes;2025;3;Março;1264211;48019952
Importação;Cubatão - SP;Chile;2501;Sal (incluídos o sal de mesa e o sal desnaturado) e cloreto de sódio puro, mesmo em solução aquosa ou adicionados de agentes antiaglomerantes;2025;5;Maio;1369201;52013178
Importação;Cubatão - SP;Chile;2501;Sal (incluídos o sal de mesa e o sal desnaturado) e cloreto de sódio puro, mesmo em solução aquosa ou adicionados de agentes antiaglomerantes;2025;6;Junho;1207130;45819998
Importação;Cubatão - SP;Chile;2501;Sal (incluídos o sal de mesa e o sal desnaturado) e cloreto de sódio puro, mesmo em solução aquosa ou adicionados de agentes antiaglomerantes;2025;7;Julho;1199115;44686175
Importação;Cubatão - SP;Chile;2501;Sal (incluídos o sal de mesa e o sal desnaturado) e cloreto de sódio puro, mesmo em solução aquosa ou adicionados de agentes antiaglomerantes;2025;8;Agosto;1229610;45810790
Importação;Cubatão - SP;Chile;2501;Sal (incluídos o sal de mesa e o sal desnaturado) e cloreto de sódio puro, mesmo em solução aquosa ou adicionados de agentes antiaglomerantes;2025;9;Setembro;1176278;43826000
Importação;Cubatão - SP;Chile;2501;Sal (incluídos o sal de mesa e o sal desnaturado) e cloreto de sódio puro, mesmo em solução aquosa ou adicionados de agentes antiaglomerantes;2025;10;Outubro;1216907;45353869
Importação;Cubatão - SP;Chile;2501;Sal (incluídos o sal de mesa e o sal desnaturado) e cloreto de sódio puro, mesmo em solução aquosa ou adicionados de agentes antiaglomerantes;2025;11;Novembro;1208644;45041807
Importação;Cubatão - SP;Chile;2501;Sal (incluídos o sal de mesa e o sal desnaturado) e cloreto de sódio puro, mesmo em solução aquosa ou adicionados de agentes antiaglomerantes;2025;12;Dezembro;1230156;45850000
Importação;Cubatão - SP;Chile;2501;Sal (incluídos o sal de mesa e o sal desnaturado) e cloreto de sódio puro, mesmo em solução aquosa ou adicionados de agentes antiaglomerantes;2026;1;Janeiro;1227058;45734568
Importação;Cubatão - SP;Chile;2501;Sal (incluídos o sal de mesa e o sal desnaturado) e cloreto de sódio puro, mesmo em solução aquosa ou adicionados de agentes antiaglomerantes;2026;3;Março;1274970;51618233
Importação;Cubatão - SP;Chile;2501;Sal (incluídos o sal de mesa e o sal desnaturado) e cloreto de sódio puro, mesmo em solução aquosa ou adicionados de agentes antiaglomerantes;2026;5;Maio;1240721;50231625
Importação;Cubatão - SP;Chile;2501;Sal (incluídos o sal de mesa e o sal desnaturado) e cloreto de sódio puro, mesmo em solução aquosa ou adicionados de agentes antiaglomerantes;2026;6;Junho;1215361;49204898
Importação;Cubatão - SP;Chile;2501;Sal (incluídos o sal de mesa e o sal desnaturado) e cloreto de sódio puro, mesmo em solução aquosa ou adicionados de agentes antiaglomerantes;2026;7;Julho;1276168;51659840
Importação;Guarujá - SP;Estados Unidos;2815;"Hidróxido de sódio (soda cáustica); hidróxido de potássio (potassa cáustica); peróxidos de sódio ou de potássio";2019;1;Janeiro;8136211;33986993
Importação;Guarujá - SP;Estados Unidos;2815;"Hidróxido de sódio (soda cáustica); hidróxido de potássio (potassa cáustica); peróxidos de sódio ou de potássio";2019;2;Fevereiro;2423079;11870604
Importação;Guarujá - SP;Estados Unidos;2815;"Hidróxido de sódio (soda cáustica); hidróxido de potássio (potassa cáustica); peróxidos de sódio ou de potássio";2019;3;Março;4426886;21622997
Importação;Guarujá - SP;Estados Unidos;2815;"Hidróxido de sódio (soda cáustica); hidróxido de potássio (potassa cáustica); peróxidos de sódio ou de potássio";2019;4;Abril;4718388;25533344
Importação;Guarujá - SP;Estados Unidos;2815;"Hidróxido de sódio (soda cáustica); hidróxido de potássio (potassa cáustica); peróxidos de sódio ou de potássio";2019;5;Maio;6272260;38169108
Importação;Guarujá - SP;Estados Unidos;2815;"Hidróxido de sódio (soda cáustica); hidróxido de potássio (potassa cáustica); peróxidos de sódio ou de potássio";2019;6;Junho;4739717;28647177
Importação;Guarujá - SP;Estados Unidos;2815;"Hidróxido de sódio (soda cáustica); hidróxido de potássio (potassa cáustica); peróxidos de sódio ou de potássio";2019;7;Julho;6836645;42452981
Importação;Guarujá - SP;Estados Unidos;2815;"Hidróxido de sódio (soda cáustica); hidróxido de potássio (potassa cáustica); peróxidos de sódio ou de potássio";2019;8;Agosto;2268605;14663660
Importação;Guarujá - SP;Estados Unidos;2815;"Hidróxido de sódio (soda cáustica); hidróxido de potássio (potassa cáustica); peróxidos de sódio ou de potássio";2019;9;Setembro;10976888;64788692
Importação;Guarujá - SP;Estados Unidos;2815;"Hidróxido de sódio (soda cáustica); hidróxido de potássio (potassa cáustica); peróxidos de sódio ou de potássio";2019;10;Outubro;8723078;51789440
Importação;Guarujá - SP;Estados Unidos;2815;"Hidróxido de sódio (soda cáustica); hidróxido de potássio (potassa cáustica); peróxidos de sódio ou de potássio";2019;11;Novembro;2801463;19073288
Importação;Guarujá - SP;Estados Unidos;2815;"Hidróxido de sódio (soda cáustica); hidróxido de potássio (potassa cáustica); peróxidos de sódio ou de potássio";2019;12;Dezembro;3060569;22646815
Importação;Guarujá - SP;Estados Unidos;2815;"Hidróxido de sódio (soda cáustica); hidróxido de potássio (potassa cáustica); peróxidos de sódio ou de potássio";2020;1;Janeiro;5051255;36287912
Importação;Guarujá - SP;Estados Unidos;2815;"Hidróxido de sódio (soda cáustica); hidróxido de potássio (potassa cáustica); peróxidos de sódio ou de potássio";2020;2;Fevereiro;2917035;23934230
Importação;Guarujá - SP;Estados Unidos;2815;"Hidróxido de sódio (soda cáustica); hidróxido de potássio (potassa cáustica); peróxidos de sódio ou de potássio";2020;3;Março;4126542;35974458
Importação;Guarujá - SP;Estados Unidos;2815;"Hidróxido de sódio (soda cáustica); hidróxido de potássio (potassa cáustica); peróxidos de sódio ou de potássio";2020;4;Abril;2477315;24784695
Importação;Guarujá - SP;Estados Unidos;2815;"Hidróxido de sódio (soda cáustica); hidróxido de potássio (potassa cáustica); peróxidos de sódio ou de potássio";2020;5;Maio;2658632;32894624
Importação;Guarujá - SP;Estados Unidos;2815;"Hidróxido de sódio (soda cáustica); hidróxido de potássio (potassa cáustica); peróxidos de sódio ou de potássio";2020;6;Junho;2723973;28099771
Importação;Guarujá - SP;Estados Unidos;2815;"Hidróxido de sódio (soda cáustica); hidróxido de potássio (potassa cáustica); peróxidos de sódio ou de potássio";2020;7;Julho;3231089;32075031
Importação;Guarujá - SP;Estados Unidos;2815;"Hidróxido de sódio (soda cáustica); hidróxido de potássio (potassa cáustica); peróxidos de sódio ou de potássio";2020;8;Agosto;3575028;37841863
Importação;Guarujá - SP;Estados Unidos;2815;"Hidróxido de sódio (soda cáustica); hidróxido de potássio (potassa cáustica); peróxidos de sódio ou de potássio";2020;9;Setembro;450433;5905861
Importação;Guarujá - SP;Estados Unidos;2815;"Hidróxido de sódio (soda cáustica); hidróxido de potássio (potassa cáustica); peróxidos de sódio ou de potássio";2020;10;Outubro;3259936;36312347
Importação;Guarujá - SP;Estados Unidos;2815;"Hidróxido de sódio (soda cáustica); hidróxido de potássio (potassa cáustica); peróxidos de sódio ou de potássio";2020;11;Novembro;3365427;31120189
Importação;Guarujá - SP;Estados Unidos;2815;"Hidróxido de sódio (soda cáustica); hidróxido de potássio (potassa cáustica); peróxidos de sódio ou de potássio";2020;12;Dezembro;6854889;50982438
Importação;Guarujá - SP;Estados Unidos;2815;"Hidróxido de sódio (soda cáustica); hidróxido de potássio (potassa cáustica); peróxidos de sódio ou de potássio";2021;1;Janeiro;4443858;29073987
Importação;Guarujá - SP;Estados Unidos;2815;"Hidróxido de sódio (soda cáustica); hidróxido de potássio (potassa cáustica); peróxidos de sódio ou de potássio";2021;2;Fevereiro;4643118;30230426
Importação;Guarujá - SP;Estados Unidos;2815;"Hidróxido de sódio (soda cáustica); hidróxido de potássio (potassa cáustica); peróxidos de sódio ou de potássio";2021;3;Março;5121901;32577362
Importação;Guarujá - SP;Estados Unidos;2815;"Hidróxido de sódio (soda cáustica); hidróxido de potássio (potassa cáustica); peróxidos de sódio ou de potássio";2021;4;Abril;2420380;14621569
Importação;Guarujá - SP;Estados Unidos;2815;"Hidróxido de sódio (soda cáustica); hidróxido de potássio (potassa cáustica); peróxidos de sódio ou de potássio";2021;5;Maio;384042;2020099
Importação;Guarujá - SP;Estados Unidos;2815;"Hidróxido de sódio (soda cáustica); hidróxido de potássio (potassa cáustica); peróxidos de sódio ou de potássio";2021;6;Junho;3855498;20042152
Importação;Guarujá - SP;Estados Unidos;2815;"Hidróxido de sódio (soda cáustica); hidróxido de potássio (potassa cáustica); peróxidos de sódio ou de potássio";2021;7;Julho;177879;1098332
Importação;Guarujá - SP;Estados Unidos;2815;"Hidróxido de sódio (soda cáustica); hidróxido de potássio (potassa cáustica); peróxidos de sódio ou de potássio";2021;8;Agosto;2795679;17045532
Importação;Guarujá - SP;Estados Unidos;2815;"Hidróxido de sódio (soda cáustica); hidróxido de potássio (potassa cáustica); peróxidos de sódio ou de potássio";2021;9;Setembro;4249926;26190588
Importação;Guarujá - SP;Estados Unidos;2815;"Hidróxido de sódio (soda cáustica); hidróxido de potássio (potassa cáustica); peróxidos de sódio ou de potássio";2021;10;Outubro;5895210;30354506
Importação;Guarujá - SP;Estados Unidos;2815;"Hidróxido de sódio (soda cáustica); hidróxido de potássio (potassa cáustica); peróxidos de sódio ou de potássio";2021;11;Novembro;309342;1553962
Importação;Guarujá - SP;Estados Unidos;2815;"Hidróxido de sódio (soda cáustica); hidróxido de potássio (potassa cáustica); peróxidos de sódio ou de potássio";2021;12;Dezembro;3402754;12996938
Importação;Guarujá - SP;Estados Unidos;2815;"Hidróxido de sódio (soda cáustica); hidróxido de potássio (potassa cáustica); peróxidos de sódio ou de potássio";2022;1;Janeiro;6937165;29020743
Importação;Guarujá - SP;Estados Unidos;2815;"Hidróxido de sódio (soda cáustica); hidróxido de potássio (potassa cáustica); peróxidos de sódio ou de potássio";2022;2;Fevereiro;4531423;17115777
Importação;Guarujá - SP;Estados Unidos;2815;"Hidróxido de sódio (soda cáustica); hidróxido de potássio (potassa cáustica); peróxidos de sódio ou de potássio";2022;3;Março;381333;1300506
Importação;Guarujá - SP;Estados Unidos;2815;"Hidróxido de sódio (soda cáustica); hidróxido de potássio (potassa cáustica); peróxidos de sódio ou de potássio";2022;4;Abril;285979;970683
Importação;Guarujá - SP;Estados Unidos;2815;"Hidróxido de sódio (soda cáustica); hidróxido de potássio (potassa cáustica); peróxidos de sódio ou de potássio";2022;6;Junho;287593;811317
Importação;Guarujá - SP;Estados Unidos;2815;"Hidróxido de sódio (soda cáustica); hidróxido de potássio (potassa cáustica); peróxidos de sódio ou de potássio";2022;8;Agosto;481403;1204322
Importação;Guarujá - SP;Estados Unidos;2815;"Hidróxido de sódio (soda cáustica); hidróxido de potássio (potassa cáustica); peróxidos de sódio ou de potássio";2022;9;Setembro;3990860;9991027
Importação;Guarujá - SP;Estados Unidos;2815;"Hidróxido de sódio (soda cáustica); hidróxido de potássio (potassa cáustica); peróxidos de sódio ou de potássio";2022;10;Outubro;747471;1990949
Importação;Guarujá - SP;Estados Unidos;2815;"Hidróxido de sódio (soda cáustica); hidróxido de potássio (potassa cáustica); peróxidos de sódio ou de potássio";2022;11;Novembro;1964755;5221957
Importação;Guarujá - SP;Estados Unidos;2815;"Hidróxido de sódio (soda cáustica); hidróxido de potássio (potassa cáustica); peróxidos de sódio ou de potássio";2022;12;Dezembro;3210470;8532524
Importação;Guarujá - SP;Estados Unidos;2815;"Hidróxido de sódio (soda cáustica); hidróxido de potássio (potassa cáustica); peróxidos de sódio ou de potássio";2023;3;Março;14908228;44814989
Importação;Guarujá - SP;Estados Unidos;2815;"Hidróxido de sódio (soda cáustica); hidróxido de potássio (potassa cáustica); peróxidos de sódio ou de potássio";2023;6;Junho;1585105;6375840
Importação;Guarujá - SP;Estados Unidos;2815;"Hidróxido de sódio (soda cáustica); hidróxido de potássio (potassa cáustica); peróxidos de sódio ou de potássio";2023;7;Julho;8507019;34169705
Importação;Guarujá - SP;Estados Unidos;2815;"Hidróxido de sódio (soda cáustica); hidróxido de potássio (potassa cáustica); peróxidos de sódio ou de potássio";2023;9;Setembro;2103733;10480997
Importação;Guarujá - SP;Estados Unidos;2815;"Hidróxido de sódio (soda cáustica); hidróxido de potássio (potassa cáustica); peróxidos de sódio ou de potássio";2023;10;Outubro;5099154;24026981
Importação;Guarujá - SP;Estados Unidos;2815;"Hidróxido de sódio (soda cáustica); hidróxido de potássio (potassa cáustica); peróxidos de sódio ou de potássio";2023;12;Dezembro;627864;5046866
Importação;Guarujá - SP;Estados Unidos;2815;"Hidróxido de sódio (soda cáustica); hidróxido de potássio (potassa cáustica); peróxidos de sódio ou de potássio";2024;1;Janeiro;4666284;36136264
Importação;Guarujá - SP;Estados Unidos;2815;"Hidróxido de sódio (soda cáustica); hidróxido de potássio (potassa cáustica); peróxidos de sódio ou de potássio";2024;2;Fevereiro;1913634;15554849
Importação;Guarujá - SP;Estados Unidos;2815;"Hidróxido de sódio (soda cáustica); hidróxido de potássio (potassa cáustica); peróxidos de sódio ou de potássio";2024;3;Março;2976578;23990942
Importação;Guarujá - SP;Estados Unidos;2815;"Hidróxido de sódio (soda cáustica); hidróxido de potássio (potassa cáustica); peróxidos de sódio ou de potássio";2024;4;Abril;4063374;32771373
Importação;Guarujá - SP;Estados Unidos;2815;"Hidróxido de sódio (soda cáustica); hidróxido de potássio (potassa cáustica); peróxidos de sódio ou de potássio";2024;6;Junho;2406484;19736050
Importação;Guarujá - SP;Estados Unidos;2815;"Hidróxido de sódio (soda cáustica); hidróxido de potássio (potassa cáustica); peróxidos de sódio ou de potássio";2024;7;Julho;2931472;23999389
Importação;Guarujá - SP;Estados Unidos;2815;"Hidróxido de sódio (soda cáustica); hidróxido de potássio (potassa cáustica); peróxidos de sódio ou de potássio";2024;8;Agosto;1946588;15915829
Importação;Guarujá - SP;Estados Unidos;2815;"Hidróxido de sódio (soda cáustica); hidróxido de potássio (potassa cáustica); peróxidos de sódio ou de potássio";2024;9;Setembro;2409874;20029416
Importação;Guarujá - SP;Estados Unidos;2815;"Hidróxido de sódio (soda cáustica); hidróxido de potássio (potassa cáustica); peróxidos de sódio ou de potássio";2024;10;Outubro;4202549;34922368
Importação;Guarujá - SP;Estados Unidos;2815;"Hidróxido de sódio (soda cáustica); hidróxido de potássio (potassa cáustica); peróxidos de sódio ou de potássio";2024;11;Novembro;985894;8185980
Importação;Guarujá - SP;Estados Unidos;2815;"Hidróxido de sódio (soda cáustica); hidróxido de potássio (potassa cáustica); peróxidos de sódio ou de potássio";2024;12;Dezembro;5723622;36586532
Importação;Guarujá - SP;Estados Unidos;2815;"Hidróxido de sódio (soda cáustica); hidróxido de potássio (potassa cáustica); peróxidos de sódio ou de potássio";2025;1;Janeiro;1973156;15019522
Importação;Guarujá - SP;Estados Unidos;2815;"Hidróxido de sódio (soda cáustica); hidróxido de potássio (potassa cáustica); peróxidos de sódio ou de potássio";2025;2;Fevereiro;2773701;21053425
Importação;Guarujá - SP;Estados Unidos;2815;"Hidróxido de sódio (soda cáustica); hidróxido de potássio (potassa cáustica); peróxidos de sódio ou de potássio";2025;3;Março;6101501;46370092
Importação;Guarujá - SP;Estados Unidos;2815;"Hidróxido de sódio (soda cáustica); hidróxido de potássio (potassa cáustica); peróxidos de sódio ou de potássio";2025;4;Abril;5562636;38058193
Importação;Guarujá - SP;Estados Unidos;2815;"Hidróxido de sódio (soda cáustica); hidróxido de potássio (potassa cáustica); peróxidos de sódio ou de potássio";2025;5;Maio;12216829;59021645
Importação;Guarujá - SP;Estados Unidos;2815;"Hidróxido de sódio (soda cáustica); hidróxido de potássio (potassa cáustica); peróxidos de sódio ou de potássio";2025;6;Junho;8459775;39628739
Importação;Guarujá - SP;Estados Unidos;2815;"Hidróxido de sódio (soda cáustica); hidróxido de potássio (potassa cáustica); peróxidos de sódio ou de potássio";2025;7;Julho;11104310;50288228
Importação;Guarujá - SP;Estados Unidos;2815;"Hidróxido de sódio (soda cáustica); hidróxido de potássio (potassa cáustica); peróxidos de sódio ou de potássio";2025;8;Agosto;11009650;50084443
Importação;Guarujá - SP;Estados Unidos;2815;"Hidróxido de sódio (soda cáustica); hidróxido de potássio (potassa cáustica); peróxidos de sódio ou de potássio";2025;9;Setembro;8630412;38057060
Importação;Guarujá - SP;Estados Unidos;2815;"Hidróxido de sódio (soda cáustica); hidróxido de potássio (potassa cáustica); peróxidos de sódio ou de potássio";2025;10;Outubro;3270426;17949815
Importação;Guarujá - SP;Estados Unidos;2815;"Hidróxido de sódio (soda cáustica); hidróxido de potássio (potassa cáustica); peróxidos de sódio ou de potássio";2025;11;Novembro;7616002;40765036
Importação;Guarujá - SP;Estados Unidos;2815;"Hidróxido de sódio (soda cáustica); hidróxido de potássio (potassa cáustica); peróxidos de sódio ou de potássio";2025;12;Dezembro;3113022;14090242
Importação;Guarujá - SP;Estados Unidos;2815;"Hidróxido de sódio (soda cáustica); hidróxido de potássio (potassa cáustica); peróxidos de sódio ou de potássio";2026;1;Janeiro;7932071;39066172
Importação;Guarujá - SP;Estados Unidos;2815;"Hidróxido de sódio (soda cáustica); hidróxido de potássio (potassa cáustica); peróxidos de sódio ou de potássio";2026;2;Fevereiro;11064980;56891364
Importação;Guarujá - SP;Estados Unidos;2815;"Hidróxido de sódio (soda cáustica); hidróxido de potássio (potassa cáustica); peróxidos de sódio ou de potássio";2026;3;Março;5744095;31018713
Importação;Guarujá - SP;Estados Unidos;2815;"Hidróxido de sódio (soda cáustica); hidróxido de potássio (potassa cáustica); peróxidos de sódio ou de potássio";2026;4;Abril;9740329;53438918
Importação;Guarujá - SP;Estados Unidos;2815;"Hidróxido de sódio (soda cáustica); hidróxido de potássio (potassa cáustica); peróxidos de sódio ou de potássio";2026;5;Maio;7319888;37028664
Importação;Guarujá - SP;Estados Unidos;2815;"Hidróxido de sódio (soda cáustica); hidróxido de potássio (potassa cáustica); peróxidos de sódio ou de potássio";2026;6;Junho;9973150;58796848
Importação;Guarujá - SP;Estados Unidos;2815;"Hidróxido de sódio (soda cáustica); hidróxido de potássio (potassa cáustica); peróxidos de sódio ou de potássio";2026;7;Julho;9080187;51878947
Importação;Santos - SP;Argentina;1001;Trigo e mistura de trigo com centeio;2019;1;Janeiro;10614880;44997425
Importação;Santos - SP;Argentina;1001;Trigo e mistura de trigo com centeio;2019;2;Fevereiro;14387537;59500000
Importação;Santos - SP;Argentina;1001;Trigo e mistura de trigo com centeio;2019;3;Março;11598192;47500000
Importação;Santos - SP;Argentina;1001;Trigo e mistura de trigo com centeio;2019;4;Abril;10020282;40650000
Importação;Santos - SP;Argentina;1001;Trigo e mistura de trigo com centeio;2019;5;Maio;4445887;17500000
Importação;Santos - SP;Argentina;1001;Trigo e mistura de trigo com centeio;2019;6;Junho;6495395;27520000
Importação;Santos - SP;Argentina;1001;Trigo e mistura de trigo com centeio;2019;7;Julho;18298740;75880000
Importação;Santos - SP;Argentina;1001;Trigo e mistura de trigo com centeio;2019;8;Agosto;11245641;48143000
Importação;Santos - SP;Argentina;1001;Trigo e mistura de trigo com centeio;2019;9;Setembro;6369857;26840000
Importação;Santos - SP;Argentina;1001;Trigo e mistura de trigo com centeio;2019;10;Outubro;14182220;59838905
Importação;Santos - SP;Argentina;1001;Trigo e mistura de trigo com centeio;2019;11;Novembro;6449745;30220000
Importação;Santos - SP;Argentina;1001;Trigo e mistura de trigo com centeio;2019;12;Dezembro;7088928;36342470
Importação;Santos - SP;Argentina;1001;Trigo e mistura de trigo com centeio;2020;1;Janeiro;14002359;74719000
Importação;Santos - SP;Argentina;1001;Trigo e mistura de trigo com centeio;2020;2;Fevereiro;10700126;53550195
Importação;Santos - SP;Argentina;1001;Trigo e mistura de trigo com centeio;2020;3;Março;15562959;70560490
Importação;Santos - SP;Argentina;1001;Trigo e mistura de trigo com centeio;2020;4;Abril;5594776;25500000
Importação;Santos - SP;Argentina;1001;Trigo e mistura de trigo com centeio;2020;5;Maio;10431464;46480390
Importação;Santos - SP;Argentina;1001;Trigo e mistura de trigo com centeio;2020;6;Junho;11818362;51370000
Importação;Santos - SP;Argentina;1001;Trigo e mistura de trigo com centeio;2020;7;Julho;11732093;50171800
Importação;Santos - SP;Argentina;1001;Trigo e mistura de trigo com centeio;2020;8;Agosto;14779762;63660000
Importação;Santos - SP;Argentina;1001;Trigo e mistura de trigo com centeio;2020;10;Outubro;17162609;71500000
Importação;Santos - SP;Argentina;1001;Trigo e mistura de trigo com centeio;2020;12;Dezembro;9005486;37897450
Importação;Santos - SP;Argentina;1001;Trigo e mistura de trigo com centeio;2021;1;Janeiro;13899427;54010000
Importação;Santos - SP;Argentina;1001;Trigo e mistura de trigo com centeio;2021;2;Fevereiro;10098349;38876000
Importação;Santos - SP;Argentina;1001;Trigo e mistura de trigo com centeio;2021;3;Março;23111323;87850000
Importação;Santos - SP;Argentina;1001;Trigo e mistura de trigo com centeio;2021;4;Abril;5410397;20271870
Importação;Santos - SP;Argentina;1001;Trigo e mistura de trigo com centeio;2021;5;Maio;14678572;54671340
Importação;Santos - SP;Argentina;1001;Trigo e mistura de trigo com centeio;2021;6;Junho;17592242;64626340
Importação;Santos - SP;Argentina;1001;Trigo e mistura de trigo com centeio;2021;7;Julho;10301845;37443500
Importação;Santos - SP;Argentina;1001;Trigo e mistura de trigo com centeio;2021;8;Agosto;24041209;83434620
Importação;Santos - SP;Argentina;1001;Trigo e mistura de trigo com centeio;2021;9;Setembro;16376450;59139000
Importação;Santos - SP;Argentina;1001;Trigo e mistura de trigo com centeio;2021;10;Outubro;19224660;67208480
Importação;Santos - SP;Argentina;1001;Trigo e mistura de trigo com centeio;2021;11;Novembro;19323138;64701000
Importação;Santos - SP;Argentina;1001;Trigo e mistura de trigo com centeio;2021;12;Dezembro;19025063;66200000
Importação;Santos - SP;Argentina;1001;Trigo e mistura de trigo com centeio;2022;1;Janeiro;16488531;60014415
Importação;Santos - SP;Argentina;1001;Trigo e mistura de trigo com centeio;2022;2;Fevereiro;8235518;29331440
Importação;Santos - SP;Argentina;1001;Trigo e mistura de trigo com centeio;2022;3;Março;24625003;79687000
Importação;Santos - SP;Argentina;1001;Trigo e mistura de trigo com centeio;2022;4;Abril;17871967;56669690
Importação;Santos - SP;Argentina;1001;Trigo e mistura de trigo com centeio;2022;5;Maio;16176583;44790000
Importação;Santos - SP;Argentina;1001;Trigo e mistura de trigo com centeio;2022;6;Junho;32725394;80922220
Importação;Santos - SP;Argentina;1001;Trigo e mistura de trigo com centeio;2022;7;Julho;27262870;60798170
Importação;Santos - SP;Argentina;1001;Trigo e mistura de trigo com centeio;2022;8;Agosto;30466313;66433214
Importação;Santos - SP;Argentina;1001;Trigo e mistura de trigo com centeio;2022;9;Setembro;22916079;48128200
Importação;Santos - SP;Argentina;1001;Trigo e mistura de trigo com centeio;2022;10;Outubro;18327900;38350000
Importação;Santos - SP;Argentina;1001;Trigo e mistura de trigo com centeio;2022;11;Novembro;5899875;12500000
Importação;Santos - SP;Argentina;1001;Trigo e mistura de trigo com centeio;2022;12;Dezembro;6773118;19800000
Importação;Santos - SP;Argentina;1001;Trigo e mistura de trigo com centeio;2023;1;Janeiro;19243535;54142237
Importação;Santos - SP;Argentina;1001;Trigo e mistura de trigo com centeio;2023;2;Fevereiro;5163754;14500340
Importação;Santos - SP;Argentina;1001;Trigo e mistura de trigo com centeio;2023;3;Março;21032647;58791570
Importação;Santos - SP;Argentina;1001;Trigo e mistura de trigo com centeio;2023;4;Abril;2187376;6350000
Importação;Santos - SP;Argentina;1001;Trigo e mistura de trigo com centeio;2023;5;Maio;9022376;26450000
Importação;Santos - SP;Argentina;1001;Trigo e mistura de trigo com centeio;2023;6;Junho;16660962;50304310
Importação;Santos - SP;Argentina;1001;Trigo e mistura de trigo com centeio;2023;7;Julho;6420942;19800000
Importação;Santos - SP;Argentina;1001;Trigo e mistura de trigo com centeio;2023;8;Agosto;4884000;14800000
Importação;Santos - SP;Argentina;1001;Trigo e mistura de trigo com centeio;2023;9;Setembro;5610000;17000000
Importação;Santos - SP;Argentina;1001;Trigo e mistura de trigo com centeio;2023;10;Outubro;11123988;33807306
Importação;Santos - SP;Argentina;1001;Trigo e mistura de trigo com centeio;2023;11;Novembro;943500;2850000
Importação;Santos - SP;Argentina;1001;Trigo e mistura de trigo com centeio;2023;12;Dezembro;11187939;38507564
Importação;Santos - SP;Argentina;1001;Trigo e mistura de trigo com centeio;2024;1;Janeiro;21082852;76517243
Importação;Santos - SP;Argentina;1001;Trigo e mistura de trigo com centeio;2024;3;Março;21276928;80308000
Importação;Santos - SP;Argentina;1001;Trigo e mistura de trigo com centeio;2024;4;Abril;7957960;29000000
Importação;Santos - SP;Argentina;1001;Trigo e mistura de trigo com centeio;2024;5;Maio;21076829;79623270
Importação;Santos - SP;Argentina;1001;Trigo e mistura de trigo com centeio;2024;6;Junho;22586623;81207725
Importação;Santos - SP;Argentina;1001;Trigo e mistura de trigo com centeio;2024;7;Julho;15960088;58973427
Importação;Santos - SP;Argentina;1001;Trigo e mistura de trigo com centeio;2024;8;Agosto;13281735;48850293
Importação;Santos - SP;Argentina;1001;Trigo e mistura de trigo com centeio;2024;9;Setembro;13036199;47400726
Importação;Santos - SP;Argentina;1001;Trigo e mistura de trigo com centeio;2024;10;Outubro;6435506;24200000
Importação;Santos - SP;Argentina;1001;Trigo e mistura de trigo com centeio;2024;11;Novembro;13478383;56300363
Importação;Santos - SP;Argentina;1001;Trigo e mistura de trigo com centeio;2024;12;Dezembro;8882766;39736165
Importação;Santos - SP;Argentina;1001;Trigo e mistura de trigo com centeio;2025;1;Janeiro;8570843;36739920
Importação;Santos - SP;Argentina;1001;Trigo e mistura de trigo com centeio;2025;2;Fevereiro;19494041;83340265
Importação;Santos - SP;Argentina;1001;Trigo e mistura de trigo com centeio;2025;3;Março;13236028;56400000
Importação;Santos - SP;Argentina;1001;Trigo e mistura de trigo com centeio;2025;4;Abril;8104410;33518000
Importação;Santos - SP;Argentina;1001;Trigo e mistura de trigo com centeio;2025;5;Maio;28415699;115789266
Importação;Santos - SP;Argentina;1001;Trigo e mistura de trigo com centeio;2025;6;Junho;7977900;31900000
Importação;Santos - SP;Argentina;1001;Trigo e mistura de trigo com centeio;2025;7;Julho;20159726;82700983
Importação;Santos - SP;Argentina;1001;Trigo e mistura de trigo com centeio;2025;8;Agosto;12882350;54200000
Importação;Santos - SP;Argentina;1001;Trigo e mistura de trigo com centeio;2025;9;Setembro;11746913;49708000
Importação;Santos - SP;Argentina;1001;Trigo e mistura de trigo com centeio;2025;10;Outubro;21445364;89316160
Importação;Santos - SP;Argentina;1001;Trigo e mistura de trigo com centeio;2025;11;Novembro;11790500;51500000
Importação;Santos - SP;Argentina;1001;Trigo e mistura de trigo com centeio;2025;12;Dezembro;13127862;59018780
Importação;Santos - SP;Argentina;1001;Trigo e mistura de trigo com centeio;2026;1;Janeiro;10047683;46526905
Importação;Santos - SP;Argentina;1001;Trigo e mistura de trigo com centeio;2026;2;Fevereiro;10260343;46849840
Importação;Santos - SP;Argentina;1001;Trigo e mistura de trigo com centeio;2026;3;Março;10340288;48100000
Importação;Santos - SP;Argentina;1001;Trigo e mistura de trigo com centeio;2026;4;Abril;13954873;60234679
Importação;Santos - SP;Argentina;1001;Trigo e mistura de trigo com centeio;2026;5;Maio;11043305;44230557
Importação;Santos - SP;Argentina;1001;Trigo e mistura de trigo com centeio;2026;6;Junho;15803634;65238996
Importação;Santos - SP;Argentina;1001;Trigo e mistura de trigo com centeio;2026;7;Julho;13870309;56256466
