Fluxo;Ano;mes_numero;mes_nome;Município;Valor US$ FOB;Quilograma Líquido
Exportação;2019;1;Janeiro;Cubatão - SP;95422672;141577622
Exportação;2019;1;Janeiro;Guarujá - SP;33948175;72870251
Exportação;2019;1;Janeiro;Santos - SP;159338047;440201899
Exportação;2019;2;Fevereiro;Cubatão - SP;69486182;117473896
Exportação;2019;2;Fevereiro;Guarujá - SP;72886106;177422108
Exportação;2019;2;Fevereiro;Santos - SP;232125613;578130102
Exportação;2019;3;Março;Cubatão - SP;56142672;67739348
Exportação;2019;3;Março;Guarujá - SP;119923120;315193252
Exportação;2019;3;Março;Santos - SP;229398982;558061349
Exportação;2019;4;Abril;Cubatão - SP;65001323;121001219
Exportação;2019;4;Abril;Guarujá - SP;119592482;315017439
Exportação;2019;4;Abril;Santos - SP;275132061;728993033
Exportação;2019;5;Maio;Cubatão - SP;58906125;99094858
Exportação;2019;5;Maio;Guarujá - SP;67871253;176997187
Exportação;2019;5;Maio;Santos - SP;273732456;720906145
Exportação;2019;6;Junho;Cubatão - SP;65004619;122892879
Exportação;2019;6;Junho;Guarujá - SP;61654987;173694852
Exportação;2019;6;Junho;Santos - SP;206420480;536903547
Exportação;2019;7;Julho;Cubatão - SP;39628631;70761854
Exportação;2019;7;Julho;Guarujá - SP;48649218;134508100
Exportação;2019;7;Julho;Santos - SP;222963124;587194722
Exportação;2019;8;Agosto;Cubatão - SP;47602048;85375240
Exportação;2019;8;Agosto;Guarujá - SP;23664851;64708591
Exportação;2019;8;Agosto;Santos - SP;244596537;763684591
Exportação;2019;9;Setembro;Cubatão - SP;32322627;45613209
Exportação;2019;9;Setembro;Guarujá - SP;23524349;60673642
Exportação;2019;9;Setembro;Santos - SP;181910013;522180723
Exportação;2019;10;Outubro;Cubatão - SP;50951959;97201724
Exportação;2019;10;Outubro;Guarujá - SP;39341498;78499742
Exportação;2019;10;Outubro;Santos - SP;234153298;510749805
Exportação;2019;11;Novembro;Cubatão - SP;34572344;73393500
Exportação;2019;11;Novembro;Guarujá - SP;58132351;120973071
Exportação;2019;11;Novembro;Santos - SP;171999006;400548613
Exportação;2019;12;Dezembro;Cubatão - SP;33360700;37319605
Exportação;2019;12;Dezembro;Guarujá - SP;24223897;21021935
Exportação;2019;12;Dezembro;Santos - SP;168822822;367085984
Exportação;2020;1;Janeiro;Cubatão - SP;36380576;47171517
Exportação;2020;1;Janeiro;Guarujá - SP;36376316;32037259
Exportação;2020;1;Janeiro;Santos - SP;169737846;260856337
Exportação;2020;2;Fevereiro;Cubatão - SP;64646581;125982948
Exportação;2020;2;Fevereiro;Guarujá - SP;39036690;71431357
Exportação;2020;2;Fevereiro;Santos - SP;170596697;321074327
Exportação;2020;3;Março;Cubatão - SP;70616253;152964031
Exportação;2020;3;Março;Guarujá - SP;127982640;340285703
Exportação;2020;3;Março;Santos - SP;298257269;727485688
Exportação;2020;4;Abril;Cubatão - SP;57937230;124633436
Exportação;2020;4;Abril;Guarujá - SP;145022565;392062366
Exportação;2020;4;Abril;Santos - SP;432099552;1213433531
Exportação;2020;5;Maio;Cubatão - SP;38944754;83302049
Exportação;2020;5;Maio;Guarujá - SP;166878177;482060885
Exportação;2020;5;Maio;Santos - SP;259978759;784994754
Exportação;2020;6;Junho;Cubatão - SP;31966419;57308378
Exportação;2020;6;Junho;Guarujá - SP;89221190;249124843
Exportação;2020;6;Junho;Santos - SP;253803389;763376081
Exportação;2020;7;Julho;Cubatão - SP;34138287;75198709
Exportação;2020;7;Julho;Guarujá - SP;63223309;151664833
Exportação;2020;7;Julho;Santos - SP;162467976;478784301
Exportação;2020;8;Agosto;Cubatão - SP;26349367;53206047
Exportação;2020;8;Agosto;Guarujá - SP;41540111;71822726
Exportação;2020;8;Agosto;Santos - SP;202590315;670367612
Exportação;2020;9;Setembro;Cubatão - SP;24478898;51308568
Exportação;2020;9;Setembro;Guarujá - SP;21478564;61342145
Exportação;2020;9;Setembro;Santos - SP;140740141;434990250
Exportação;2020;10;Outubro;Cubatão - SP;41937574;73810121
Exportação;2020;10;Outubro;Guarujá - SP;24027352;57003501
Exportação;2020;10;Outubro;Santos - SP;136201303;364294037
Exportação;2020;11;Novembro;Cubatão - SP;49714118;59232073
Exportação;2020;11;Novembro;Guarujá - SP;33859638;32141317
Exportação;2020;11;Novembro;Santos - SP;126903656;287918703
Exportação;2020;12;Dezembro;Cubatão - SP;40073616;29793544
Exportação;2020;12;Dezembro;Guarujá - SP;32765189;25386632
Exportação;2020;12;Dezembro;Santos - SP;188605359;468707272
Exportação;2021;1;Janeiro;Cubatão - SP;38473930;27220555
Exportação;2021;1;Janeiro;Guarujá - SP;43758353;27488339
Exportação;2021;1;Janeiro;Santos - SP;105066106;184269129
Exportação;2021;2;Fevereiro;Cubatão - SP;86968678;151793950
Exportação;2021;2;Fevereiro;Guarujá - SP;90730495;118961381
Exportação;2021;2;Fevereiro;Santos - SP;187524496;391528041
Exportação;2021;3;Março;Cubatão - SP;73712494;153544893
Exportação;2021;3;Março;Guarujá - SP;176001496;361334324
Exportação;2021;3;Março;Santos - SP;344011099;792286036
Exportação;2021;4;Abril;Cubatão - SP;81011695;176361683
Exportação;2021;4;Abril;Guarujá - SP;199841312;374889314
Exportação;2021;4;Abril;Santos - SP;457365026;1081277093
Exportação;2021;5;Maio;Cubatão - SP;64876750;107600075
Exportação;2021;5;Maio;Guarujá - SP;176176801;274625325
Exportação;2021;5;Maio;Santos - SP;391800716;884921488
Exportação;2021;6;Junho;Cubatão - SP;81057120;161919142
Exportação;2021;6;Junho;Guarujá - SP;89165799;124349377
Exportação;2021;6;Junho;Santos - SP;382278165;797077746
Exportação;2021;7;Julho;Cubatão - SP;25835510;32539953
Exportação;2021;7;Julho;Guarujá - SP;36995063;56254301
Exportação;2021;7;Julho;Santos - SP;259098689;535271734
Exportação;2021;8;Agosto;Cubatão - SP;29739359;38062387
Exportação;2021;8;Agosto;Guarujá - SP;41938026;53563237
Exportação;2021;8;Agosto;Santos - SP;155562912;320095896
Exportação;2021;9;Setembro;Cubatão - SP;72330429;114190122
Exportação;2021;9;Setembro;Guarujá - SP;78416301;113475443
Exportação;2021;9;Setembro;Santos - SP;240338093;469491141
Exportação;2021;10;Outubro;Cubatão - SP;66813522;74886399
Exportação;2021;10;Outubro;Guarujá - SP;54328542;51845600
Exportação;2021;10;Outubro;Santos - SP;246780020;403592436
Exportação;2021;11;Novembro;Cubatão - SP;99280824;98425194
Exportação;2021;11;Novembro;Guarujá - SP;48632809;62468660
Exportação;2021;11;Novembro;Santos - SP;257024646;422406211
Exportação;2021;12;Dezembro;Cubatão - SP;125112774;145175144
Exportação;2021;12;Dezembro;Guarujá - SP;72236261;81189217
Exportação;2021;12;Dezembro;Santos - SP;248943962;389420541
Exportação;2022;1;Janeiro;Cubatão - SP;102915557;123637600
Exportação;2022;1;Janeiro;Guarujá - SP;61220469;58790951
Exportação;2022;1;Janeiro;Santos - SP;170721809;272265956
Exportação;2022;2;Fevereiro;Cubatão - SP;106421774;151704619
Exportação;2022;2;Fevereiro;Guarujá - SP;57256959;72898826
Exportação;2022;2;Fevereiro;Santos - SP;235358891;325199645
Exportação;2022;3;Março;Cubatão - SP;156514362;203989857
Exportação;2022;3;Março;Guarujá - SP;200814246;288355794
Exportação;2022;3;Março;Santos - SP;578474389;890407704
Exportação;2022;4;Abril;Cubatão - SP;153685763;209438374
Exportação;2022;4;Abril;Guarujá - SP;185119118;255941675
Exportação;2022;4;Abril;Santos - SP;663337808;982962224
Exportação;2022;5;Maio;Cubatão - SP;124153247;146132568
Exportação;2022;5;Maio;Guarujá - SP;158510612;210314376
Exportação;2022;5;Maio;Santos - SP;568497742;824577627
Exportação;2022;6;Junho;Cubatão - SP;151087781;159884026
Exportação;2022;6;Junho;Guarujá - SP;99816345;131492378
Exportação;2022;6;Junho;Santos - SP;507026276;667057086
Exportação;2022;7;Julho;Cubatão - SP;114130774;130818142
Exportação;2022;7;Julho;Guarujá - SP;138671154;198952530
Exportação;2022;7;Julho;Santos - SP;384950860;485823975
Exportação;2022;8;Agosto;Cubatão - SP;92015899;118162343
Exportação;2022;8;Agosto;Guarujá - SP;48896529;56924050
Exportação;2022;8;Agosto;Santos - SP;306023775;510411810
Exportação;2022;9;Setembro;Cubatão - SP;156256200;173986306
Exportação;2022;9;Setembro;Guarujá - SP;24042398;21185946
Exportação;2022;9;Setembro;Santos - SP;326870166;505187951
Exportação;2022;10;Outubro;Cubatão - SP;107068633;110220153
Exportação;2022;10;Outubro;Guarujá - SP;19962549;14990525
Exportação;2022;10;Outubro;Santos - SP;331078312;500003350
Exportação;2022;11;Novembro;Cubatão - SP;125237634;111736728
Exportação;2022;11;Novembro;Guarujá - SP;15383113;7441019
Exportação;2022;11;Novembro;Santos - SP;316746418;517577606
Exportação;2022;12;Dezembro;Cubatão - SP;101951125;124796313
Exportação;2022;12;Dezembro;Guarujá - SP;14219385;8794491
Exportação;2022;12;Dezembro;Santos - SP;308817799;556253664
Exportação;2023;1;Janeiro;Cubatão - SP;124916253;163035283
Exportação;2023;1;Janeiro;Guarujá - SP;16783404;7861205
Exportação;2023;1;Janeiro;Santos - SP;177684703;311744184
Exportação;2023;2;Fevereiro;Cubatão - SP;137430657;159343867
Exportação;2023;2;Fevereiro;Guarujá - SP;72127622;113884089
Exportação;2023;2;Fevereiro;Santos - SP;213106892;355220088
Exportação;2023;3;Março;Cubatão - SP;135011085;163973989
Exportação;2023;3;Março;Guarujá - SP;275533830;466662209
Exportação;2023;3;Março;Santos - SP;582619384;1003580310
Exportação;2023;4;Abril;Cubatão - SP;153161663;220843830
Exportação;2023;4;Abril;Guarujá - SP;181939738;321668163
Exportação;2023;4;Abril;Santos - SP;544031580;955577068
Exportação;2023;5;Maio;Cubatão - SP;160388540;242921553
Exportação;2023;5;Maio;Guarujá - SP;70776686;140272597
Exportação;2023;5;Maio;Santos - SP;632638746;1221974268
Exportação;2023;6;Junho;Cubatão - SP;98886957;137357827
Exportação;2023;6;Junho;Guarujá - SP;73343564;155472692
Exportação;2023;6;Junho;Santos - SP;548663021;1053708915
Exportação;2023;7;Julho;Cubatão - SP;143776672;217839696
Exportação;2023;7;Julho;Guarujá - SP;61172577;117905348
Exportação;2023;7;Julho;Santos - SP;498945769;928051544
Exportação;2023;8;Agosto;Cubatão - SP;108923533;186588544
Exportação;2023;8;Agosto;Guarujá - SP;77443745;143525103
Exportação;2023;8;Agosto;Santos - SP;572504695;1199661402
Exportação;2023;9;Setembro;Cubatão - SP;123737231;216475721
Exportação;2023;9;Setembro;Guarujá - SP;49458085;161215362
Exportação;2023;9;Setembro;Santos - SP;471187250;1030805258
Exportação;2023;10;Outubro;Cubatão - SP;112676104;176363185
Exportação;2023;10;Outubro;Guarujá - SP;22173052;59009185
Exportação;2023;10;Outubro;Santos - SP;749163712;1248734746
Exportação;2023;11;Novembro;Cubatão - SP;134352728;282405772
Exportação;2023;11;Novembro;Guarujá - SP;48463994;92188897
Exportação;2023;11;Novembro;Santos - SP;573241798;1015525388
Exportação;2023;12;Dezembro;Cubatão - SP;123721924;189702513
Exportação;2023;12;Dezembro;Guarujá - SP;96859475;154686153
Exportação;2023;12;Dezembro;Santos - SP;615443616;988542025
Exportação;2024;1;Janeiro;Cubatão - SP;95729088;116102123
Exportação;2024;1;Janeiro;Guarujá - SP;33933861;20363178
Exportação;2024;1;Janeiro;Santos - SP;677452932;1230395174
Exportação;2024;2;Fevereiro;Cubatão - SP;106422268;155142374
Exportação;2024;2;Fevereiro;Guarujá - SP;125331609;242471728
Exportação;2024;2;Fevereiro;Santos - SP;576672031;1055887037
Exportação;2024;3;Março;Cubatão - SP;160256982;270282784
Exportação;2024;3;Março;Guarujá - SP;146369259;292030661
Exportação;2024;3;Março;Santos - SP;794041288;1530222979
Exportação;2024;4;Abril;Cubatão - SP;132671067;187275875
Exportação;2024;4;Abril;Guarujá - SP;125904425;226337963
Exportação;2024;4;Abril;Santos - SP;689575635;1271994276
Exportação;2024;5;Maio;Cubatão - SP;120043184;155453483
Exportação;2024;5;Maio;Guarujá - SP;116534384;213432025
Exportação;2024;5;Maio;Santos - SP;634161879;1220191024
Exportação;2024;6;Junho;Cubatão - SP;86287969;122193780
Exportação;2024;6;Junho;Guarujá - SP;92076110;172351483
Exportação;2024;6;Junho;Santos - SP;626388443;1247921762
Exportação;2024;7;Julho;Cubatão - SP;88632270;129354326
Exportação;2024;7;Julho;Guarujá - SP;98938157;176139062
Exportação;2024;7;Julho;Santos - SP;499055966;1028147841
Exportação;2024;8;Agosto;Cubatão - SP;123191360;210675493
Exportação;2024;8;Agosto;Guarujá - SP;83850231;157547001
Exportação;2024;8;Agosto;Santos - SP;478575221;977077106
Exportação;2024;9;Setembro;Cubatão - SP;82005293;102093131
Exportação;2024;9;Setembro;Guarujá - SP;64180171;109649156
Exportação;2024;9;Setembro;Santos - SP;421889818;920178449
Exportação;2024;10;Outubro;Cubatão - SP;66916090;55061416
Exportação;2024;10;Outubro;Guarujá - SP;30797780;18438474
Exportação;2024;10;Outubro;Santos - SP;473651233;823499846
Exportação;2024;11;Novembro;Cubatão - SP;67825916;70996766
Exportação;2024;11;Novembro;Guarujá - SP;32398177;16536167
Exportação;2024;11;Novembro;Santos - SP;342306042;567432768
Exportação;2024;12;Dezembro;Cubatão - SP;95726014;106236908
Exportação;2024;12;Dezembro;Guarujá - SP;29410407;16451645
Exportação;2024;12;Dezembro;Santos - SP;467623496;803328963
Exportação;2025;1;Janeiro;Cubatão - SP;81230884;98469891
Exportação;2025;1;Janeiro;Guarujá - SP;42824516;22065485
Exportação;2025;1;Janeiro;Santos - SP;611783270;1040719166
Exportação;2025;2;Fevereiro;Cubatão - SP;99780061;163557838
Exportação;2025;2;Fevereiro;Guarujá - SP;33200612;45310847
Exportação;2025;2;Fevereiro;Santos - SP;696837655;1315263927
Exportação;2025;3;Março;Cubatão - SP;130195513;222535739
Exportação;2025;3;Março;Guarujá - SP;120426968;255608061
Exportação;2025;3;Março;Santos - SP;594774468;1155800600
Exportação;2025;4;Abril;Cubatão - SP;120908922;215458835
Exportação;2025;4;Abril;Guarujá - SP;119395740;266962204
Exportação;2025;4;Abril;Santos - SP;582865620;1187819682
Exportação;2025;5;Maio;Cubatão - SP;92556808;135966382
Exportação;2025;5;Maio;Guarujá - SP;118519011;264625003
Exportação;2025;5;Maio;Santos - SP;591093453;1202023628
Exportação;2025;6;Junho;Cubatão - SP;70276322;95290230
Exportação;2025;6;Junho;Guarujá - SP;61335997;118417119
Exportação;2025;6;Junho;Santos - SP;622547283;1317871202
Exportação;2025;7;Julho;Cubatão - SP;119488699;189965593
Exportação;2025;7;Julho;Guarujá - SP;59229526;104796348
Exportação;2025;7;Julho;Santos - SP;632085670;1262254379
Exportação;2025;8;Agosto;Cubatão - SP;86546168;159340451
Exportação;2025;8;Agosto;Guarujá - SP;45729900;86865204
Exportação;2025;8;Agosto;Santos - SP;533384393;1148869722
Exportação;2025;9;Setembro;Cubatão - SP;102224662;119541329
Exportação;2025;9;Setembro;Guarujá - SP;60654209;119863657
Exportação;2025;9;Setembro;Santos - SP;372736508;757505633
Exportação;2025;10;Outubro;Cubatão - SP;130515304;172709808
Exportação;2025;10;Outubro;Guarujá - SP;29670524;42165912
Exportação;2025;10;Outubro;Santos - SP;475665356;965808604
Exportação;2025;11;Novembro;Cubatão - SP;126677658;146667761
Exportação;2025;11;Novembro;Guarujá - SP;37123376;30096441
Exportação;2025;11;Novembro;Santos - SP;480959855;878700104
Exportação;2025;12;Dezembro;Cubatão - SP;127409833;128834136
Exportação;2025;12;Dezembro;Guarujá - SP;50304451;45205691
Exportação;2025;12;Dezembro;Santos - SP;518890300;992037788
Exportação;2026;1;Janeiro;Cubatão - SP;98033400;86661595
Exportação;2026;1;Janeiro;Guarujá - SP;23822135;26398334
Exportação;2026;1;Janeiro;Santos - SP;463969350;950785518
Exportação;2026;2;Fevereiro;Cubatão - SP;84358745;74528808
Exportação;2026;2;Fevereiro;Guarujá - SP;39277294;73109638
Exportação;2026;2;Fevereiro;Santos - SP;465153105;862131139
Exportação;2026;3;Março;Cubatão - SP;184050152;274999106
Exportação;2026;3;Março;Guarujá - SP;95301176;196222097
Exportação;2026;3;Março;Santos - SP;1079894543;2149643585
Exportação;2026;4;Abril;Cubatão - SP;169920543;251050312
Exportação;2026;4;Abril;Guarujá - SP;151211028;341133092
Exportação;2026;4;Abril;Santos - SP;779921728;1365045064
Exportação;2026;5;Maio;Cubatão - SP;128075822;160117969
Exportação;2026;5;Maio;Guarujá - SP;120477244;253783403
Exportação;2026;5;Maio;Santos - SP;670368498;1198167990
Exportação;2026;6;Junho;Cubatão - SP;129890815;137832335
Exportação;2026;6;Junho;Guarujá - SP;101367025;216171222
Exportação;2026;6;Junho;Santos - SP;692789113;1153486375
Exportação;2026;7;Julho;Cubatão - SP;125511765;144899187
Exportação;2026;7;Julho;Guarujá - SP;63643566;127641376
Exportação;2026;7;Julho;Santos - SP;639486199;1103393102
Importação;2019;1;Janeiro;Cubatão - SP;47378878;190856205
Importação;2019;1;Janeiro;Guarujá - SP;25162215;42992183
Importação;2019;1;Janeiro;Santos - SP;55960640;114925396
Importação;2019;2;Fevereiro;Cubatão - SP;48313006;240778589
Importação;2019;2;Fevereiro;Guarujá - SP;19375331;20536818
Importação;2019;2;Fevereiro;Santos - SP;53042203;111715311
Importação;2019;3;Março;Cubatão - SP;18348450;53738765
Importação;2019;3;Março;Guarujá - SP;25654911;32940306
Importação;2019;3;Março;Santos - SP;71138982;161566653
Importação;2019;4;Abril;Cubatão - SP;35170698;162692285
Importação;2019;4;Abril;Guarujá - SP;28962478;43049482
Importação;2019;4;Abril;Santos - SP;81015773;151432808
Importação;2019;5;Maio;Cubatão - SP;22164058;94373214
Importação;2019;5;Maio;Guarujá - SP;27604259;50221509
Importação;2019;5;Maio;Santos - SP;75601422;146819530
Importação;2019;6;Junho;Cubatão - SP;32956394;128779734
Importação;2019;6;Junho;Guarujá - SP;21436161;41786607
Importação;2019;6;Junho;Santos - SP;49394863;106696051
Importação;2019;7;Julho;Cubatão - SP;52889234;247255507
Importação;2019;7;Julho;Guarujá - SP;28910336;57772039
Importação;2019;7;Julho;Santos - SP;63397239;151085442
Importação;2019;8;Agosto;Cubatão - SP;76550292;275155498
Importação;2019;8;Agosto;Guarujá - SP;9353629;18783006
Importação;2019;8;Agosto;Santos - SP;44078684;101361539
Importação;2019;9;Setembro;Cubatão - SP;36371614;191625295
Importação;2019;9;Setembro;Guarujá - SP;30452692;79745862
Importação;2019;9;Setembro;Santos - SP;51143578;111098236
Importação;2019;10;Outubro;Cubatão - SP;43470413;193909434
Importação;2019;10;Outubro;Guarujá - SP;34135790;71691562
Importação;2019;10;Outubro;Santos - SP;70244043;196942160
Importação;2019;11;Novembro;Cubatão - SP;35669810;210078534
Importação;2019;11;Novembro;Guarujá - SP;12804401;24978744
Importação;2019;11;Novembro;Santos - SP;62993509;126918180
Importação;2019;12;Dezembro;Cubatão - SP;17711984;100421189
Importação;2019;12;Dezembro;Guarujá - SP;18521330;33293630
Importação;2019;12;Dezembro;Santos - SP;68438789;179042901
Importação;2020;1;Janeiro;Cubatão - SP;17335841;106080383
Importação;2020;1;Janeiro;Guarujá - SP;25687380;52209473
Importação;2020;1;Janeiro;Santos - SP;85942868;187044404
Importação;2020;2;Fevereiro;Cubatão - SP;7297175;98444495
Importação;2020;2;Fevereiro;Guarujá - SP;22835332;40357233
Importação;2020;2;Fevereiro;Santos - SP;56338983;149998701
Importação;2020;3;Março;Cubatão - SP;22200329;143697764
Importação;2020;3;Março;Guarujá - SP;36344631;50486807
Importação;2020;3;Março;Santos - SP;63862956;148925000
Importação;2020;4;Abril;Cubatão - SP;14031906;172456147
Importação;2020;4;Abril;Guarujá - SP;18343870;36216538
Importação;2020;4;Abril;Santos - SP;81450702;278325407
Importação;2020;5;Maio;Cubatão - SP;33021509;196224213
Importação;2020;5;Maio;Guarujá - SP;21763601;49309652
Importação;2020;5;Maio;Santos - SP;41227848;160966134
Importação;2020;6;Junho;Cubatão - SP;29435131;180652061
Importação;2020;6;Junho;Guarujá - SP;10614700;33890972
Importação;2020;6;Junho;Santos - SP;57109270;192894321
Importação;2020;7;Julho;Cubatão - SP;34350368;216481930
Importação;2020;7;Julho;Guarujá - SP;12350044;57651598
Importação;2020;7;Julho;Santos - SP;100604179;165243787
Importação;2020;8;Agosto;Cubatão - SP;22038628;151469336
Importação;2020;8;Agosto;Guarujá - SP;8680071;40765669
Importação;2020;8;Agosto;Santos - SP;72990972;211399602
Importação;2020;9;Setembro;Cubatão - SP;18034883;79137029
Importação;2020;9;Setembro;Guarujá - SP;19000569;36463036
Importação;2020;9;Setembro;Santos - SP;45418967;106137838
Importação;2020;10;Outubro;Cubatão - SP;21129204;131930707
Importação;2020;10;Outubro;Guarujá - SP;18137213;47880240
Importação;2020;10;Outubro;Santos - SP;73735885;237236525
Importação;2020;11;Novembro;Cubatão - SP;24624424;158441591
Importação;2020;11;Novembro;Guarujá - SP;25283634;51449409
Importação;2020;11;Novembro;Santos - SP;66953992;143608845
Importação;2020;12;Dezembro;Cubatão - SP;19965868;75778119
Importação;2020;12;Dezembro;Guarujá - SP;24100361;64225855
Importação;2020;12;Dezembro;Santos - SP;49944624;121766090
Importação;2021;1;Janeiro;Cubatão - SP;17519416;132724850
Importação;2021;1;Janeiro;Guarujá - SP;21070399;41741393
Importação;2021;1;Janeiro;Santos - SP;64634620;106393597
Importação;2021;2;Fevereiro;Cubatão - SP;18286447;133264333
Importação;2021;2;Fevereiro;Guarujá - SP;17646772;40492469
Importação;2021;2;Fevereiro;Santos - SP;61672322;144524298
Importação;2021;3;Março;Cubatão - SP;61953137;217850148
Importação;2021;3;Março;Guarujá - SP;29489135;51125543
Importação;2021;3;Março;Santos - SP;102875383;202876857
Importação;2021;4;Abril;Cubatão - SP;30207640;117870431
Importação;2021;4;Abril;Guarujá - SP;29043777;30560263
Importação;2021;4;Abril;Santos - SP;83098163;156698855
Importação;2021;5;Maio;Cubatão - SP;62205019;173815560
Importação;2021;5;Maio;Guarujá - SP;21265980;36704877
Importação;2021;5;Maio;Santos - SP;74895711;167511773
Importação;2021;6;Junho;Cubatão - SP;116708781;274276172
Importação;2021;6;Junho;Guarujá - SP;24447835;30746607
Importação;2021;6;Junho;Santos - SP;58629808;129146851
Importação;2021;7;Julho;Cubatão - SP;73888509;191149253
Importação;2021;7;Julho;Guarujá - SP;26691351;16169011
Importação;2021;7;Julho;Santos - SP;88959422;183146662
Importação;2021;8;Agosto;Cubatão - SP;137814822;286619036
Importação;2021;8;Agosto;Guarujá - SP;30461728;32555293
Importação;2021;8;Agosto;Santos - SP;75127226;157196192
Importação;2021;9;Setembro;Cubatão - SP;72149043;213706586
Importação;2021;9;Setembro;Guarujá - SP;40318795;43925378
Importação;2021;9;Setembro;Santos - SP;76794226;174222946
Importação;2021;10;Outubro;Cubatão - SP;115121762;321416181
Importação;2021;10;Outubro;Guarujá - SP;45023016;52082677
Importação;2021;10;Outubro;Santos - SP;94025515;150471150
Importação;2021;11;Novembro;Cubatão - SP;110390029;226781669
Importação;2021;11;Novembro;Guarujá - SP;17823042;8140684
Importação;2021;11;Novembro;Santos - SP;93542526;162326514
Importação;2021;12;Dezembro;Cubatão - SP;76853556;232529259
Importação;2021;12;Dezembro;Guarujá - SP;20930070;19799666
Importação;2021;12;Dezembro;Santos - SP;68141375;137397792
Importação;2022;1;Janeiro;Cubatão - SP;45237923;91962438
Importação;2022;1;Janeiro;Guarujá - SP;33671651;45039310
Importação;2022;1;Janeiro;Santos - SP;91670455;163111426
Importação;2022;2;Fevereiro;Cubatão - SP;71459940;159520055
Importação;2022;2;Fevereiro;Guarujá - SP;27541408;40891129
Importação;2022;2;Fevereiro;Santos - SP;54729293;97089525
Importação;2022;3;Março;Cubatão - SP;93096037;119574496
Importação;2022;3;Março;Guarujá - SP;32760498;17332425
Importação;2022;3;Março;Santos - SP;123831366;190498858
Importação;2022;4;Abril;Cubatão - SP;127012318;148850164
Importação;2022;4;Abril;Guarujá - SP;25142743;13364682
Importação;2022;4;Abril;Santos - SP;65784928;114596281
Importação;2022;5;Maio;Cubatão - SP;130723580;294780811
Importação;2022;5;Maio;Guarujá - SP;11203805;2793411
Importação;2022;5;Maio;Santos - SP;165579840;197835421
Importação;2022;6;Junho;Cubatão - SP;187271777;190183356
Importação;2022;6;Junho;Guarujá - SP;38026460;19664586
Importação;2022;6;Junho;Santos - SP;166269093;229502780
Importação;2022;7;Julho;Cubatão - SP;200175343;259056021
Importação;2022;7;Julho;Guarujá - SP;23809596;27391279
Importação;2022;7;Julho;Santos - SP;140898282;168980299
Importação;2022;8;Agosto;Cubatão - SP;203274538;246938968
Importação;2022;8;Agosto;Guarujá - SP;34513418;13198697
Importação;2022;8;Agosto;Santos - SP;147937317;196104778
Importação;2022;9;Setembro;Cubatão - SP;145217160;223616311
Importação;2022;9;Setembro;Guarujá - SP;48857816;28231257
Importação;2022;9;Setembro;Santos - SP;120279169;143659545
Importação;2022;10;Outubro;Cubatão - SP;91232711;195671382
Importação;2022;10;Outubro;Guarujá - SP;33057088;10751557
Importação;2022;10;Outubro;Santos - SP;133810562;162641537
Importação;2022;11;Novembro;Cubatão - SP;56265838;116998612
Importação;2022;11;Novembro;Guarujá - SP;47683827;55603494
Importação;2022;11;Novembro;Santos - SP;70336296;77718289
Importação;2022;12;Dezembro;Cubatão - SP;71135872;149801003
Importação;2022;12;Dezembro;Guarujá - SP;44057323;32103831
Importação;2022;12;Dezembro;Santos - SP;133932670;178006377
Importação;2023;1;Janeiro;Cubatão - SP;32094502;99334349
Importação;2023;1;Janeiro;Guarujá - SP;22894333;27140910
Importação;2023;1;Janeiro;Santos - SP;95289342;122185346
Importação;2023;2;Fevereiro;Cubatão - SP;60764410;161963668
Importação;2023;2;Fevereiro;Guarujá - SP;26108377;8399179
Importação;2023;2;Fevereiro;Santos - SP;64466048;60437076
Importação;2023;3;Março;Cubatão - SP;62833683;196948216
Importação;2023;3;Março;Guarujá - SP;33481631;51924570
Importação;2023;3;Março;Santos - SP;75896723;128584796
Importação;2023;4;Abril;Cubatão - SP;42872711;110616082
Importação;2023;4;Abril;Guarujá - SP;31431536;48123492
Importação;2023;4;Abril;Santos - SP;72814028;86595236
Importação;2023;5;Maio;Cubatão - SP;38523622;174149739
Importação;2023;5;Maio;Guarujá - SP;34116487;30816122
Importação;2023;5;Maio;Santos - SP;124963517;216439999
Importação;2023;6;Junho;Cubatão - SP;76286375;193974975
Importação;2023;6;Junho;Guarujá - SP;27449416;19960487
Importação;2023;6;Junho;Santos - SP;60406327;115538806
Importação;2023;7;Julho;Cubatão - SP;96277747;236645770
Importação;2023;7;Julho;Guarujá - SP;35303008;42449456
Importação;2023;7;Julho;Santos - SP;93008718;148594383
Importação;2023;8;Agosto;Cubatão - SP;40233485;149552897
Importação;2023;8;Agosto;Guarujá - SP;131076432;17819801
Importação;2023;8;Agosto;Santos - SP;115582783;183375154
Importação;2023;9;Setembro;Cubatão - SP;35372943;139545596
Importação;2023;9;Setembro;Guarujá - SP;33369723;19784574
Importação;2023;9;Setembro;Santos - SP;99991595;155738430
Importação;2023;10;Outubro;Cubatão - SP;48135271;147684448
Importação;2023;10;Outubro;Guarujá - SP;61163831;40453327
Importação;2023;10;Outubro;Santos - SP;132559596;171821284
Importação;2023;11;Novembro;Cubatão - SP;31082519;79368782
Importação;2023;11;Novembro;Guarujá - SP;14675512;5460319
Importação;2023;11;Novembro;Santos - SP;154960075;153573411
Importação;2023;12;Dezembro;Cubatão - SP;52786291;176903924
Importação;2023;12;Dezembro;Guarujá - SP;101515229;28504350
Importação;2023;12;Dezembro;Santos - SP;136644276;193748035
Importação;2024;1;Janeiro;Cubatão - SP;29554603;149163322
Importação;2024;1;Janeiro;Guarujá - SP;27513053;46055371
Importação;2024;1;Janeiro;Santos - SP;110159548;188930998
Importação;2024;2;Fevereiro;Cubatão - SP;17800152;104604299
Importação;2024;2;Fevereiro;Guarujá - SP;65269025;22428223
Importação;2024;2;Fevereiro;Santos - SP;77824341;94962753
Importação;2024;3;Março;Cubatão - SP;45160458;167594863
Importação;2024;3;Março;Guarujá - SP;26064851;33374075
Importação;2024;3;Março;Santos - SP;101730695;186471476
Importação;2024;4;Abril;Cubatão - SP;45602734;168346803
Importação;2024;4;Abril;Guarujá - SP;28594166;45991929
Importação;2024;4;Abril;Santos - SP;62361842;114094473
Importação;2024;5;Maio;Cubatão - SP;38809407;169907116
Importação;2024;5;Maio;Guarujá - SP;24096037;5415893
Importação;2024;5;Maio;Santos - SP;125869980;228280727
Importação;2024;6;Junho;Cubatão - SP;61649290;142869294
Importação;2024;6;Junho;Guarujá - SP;24377166;28555306
Importação;2024;6;Junho;Santos - SP;93776950;172156389
Importação;2024;7;Julho;Cubatão - SP;100052178;298280503
Importação;2024;7;Julho;Guarujá - SP;27709454;31426648
Importação;2024;7;Julho;Santos - SP;86467809;172247661
Importação;2024;8;Agosto;Cubatão - SP;82539399;254171148
Importação;2024;8;Agosto;Guarujá - SP;35039750;29433899
Importação;2024;8;Agosto;Santos - SP;54616522;97124021
Importação;2024;9;Setembro;Cubatão - SP;56024458;215783323
Importação;2024;9;Setembro;Guarujá - SP;22811553;27151020
Importação;2024;9;Setembro;Santos - SP;108679805;193264968
Importação;2024;10;Outubro;Cubatão - SP;69941100;228663554
Importação;2024;10;Outubro;Guarujá - SP;24520025;46864722
Importação;2024;10;Outubro;Santos - SP;66337788;117642794
Importação;2024;11;Novembro;Cubatão - SP;23724031;51352694
Importação;2024;11;Novembro;Guarujá - SP;24082473;16338223
Importação;2024;11;Novembro;Santos - SP;101609006;151955130
Importação;2024;12;Dezembro;Cubatão - SP;18448100;126476489
Importação;2024;12;Dezembro;Guarujá - SP;25190667;47455136
Importação;2024;12;Dezembro;Santos - SP;59874206;107681432
Importação;2025;1;Janeiro;Cubatão - SP;50863317;179019683
Importação;2025;1;Janeiro;Guarujá - SP;20409780;24589515
Importação;2025;1;Janeiro;Santos - SP;88116725;129062572
Importação;2025;2;Fevereiro;Cubatão - SP;27498564;132441839
Importação;2025;2;Fevereiro;Guarujá - SP;30699986;34226620
Importação;2025;2;Fevereiro;Santos - SP;2733441512;276982350
Importação;2025;3;Março;Cubatão - SP;16748775;97758817
Importação;2025;3;Março;Guarujá - SP;22420999;53806184
Importação;2025;3;Março;Santos - SP;65563521;118643914
Importação;2025;4;Abril;Cubatão - SP;44929027;137769667
Importação;2025;4;Abril;Guarujá - SP;20881569;46692407
Importação;2025;4;Abril;Santos - SP;74908647;105202173
Importação;2025;5;Maio;Cubatão - SP;53356408;170680225
Importação;2025;5;Maio;Guarujá - SP;34295294;68573436
Importação;2025;5;Maio;Santos - SP;96189929;190629954
Importação;2025;6;Junho;Cubatão - SP;26724136;128058830
Importação;2025;6;Junho;Guarujá - SP;18301309;42951555
Importação;2025;6;Junho;Santos - SP;77696378;128864626
Importação;2025;7;Julho;Cubatão - SP;103203705;338884356
Importação;2025;7;Julho;Guarujá - SP;25371348;56081706
Importação;2025;7;Julho;Santos - SP;211435075;156241833
Importação;2025;8;Agosto;Cubatão - SP;58617341;186327289
Importação;2025;8;Agosto;Guarujá - SP;59483206;63789203
Importação;2025;8;Agosto;Santos - SP;66023837;86629820
Importação;2025;9;Setembro;Cubatão - SP;64747212;184385917
Importação;2025;9;Setembro;Guarujá - SP;78404113;45535910
Importação;2025;9;Setembro;Santos - SP;74463444;114965342
Importação;2025;10;Outubro;Cubatão - SP;69057148;188501861
Importação;2025;10;Outubro;Guarujá - SP;23575042;25728495
Importação;2025;10;Outubro;Santos - SP;104934328;163166385
Importação;2025;11;Novembro;Cubatão - SP;47513254;142164384
Importação;2025;11;Novembro;Guarujá - SP;30931440;46967859
Importação;2025;11;Novembro;Santos - SP;63998954;115667387
Importação;2025;12;Dezembro;Cubatão - SP;32560604;141308855
Importação;2025;12;Dezembro;Guarujá - SP;27881072;23258223
Importação;2025;12;Dezembro;Santos - SP;79091222;131394202
Importação;2026;1;Janeiro;Cubatão - SP;58037070;196298698
Importação;2026;1;Janeiro;Guarujá - SP;26368653;47360180
Importação;2026;1;Janeiro;Santos - SP;52457097;75881203
Importação;2026;2;Fevereiro;Cubatão - SP;61711984;143119887
Importação;2026;2;Fevereiro;Guarujá - SP;70259578;64934101
Importação;2026;2;Fevereiro;Santos - SP;56567022;83161641
Importação;2026;3;Março;Cubatão - SP;32571301;118031599
Importação;2026;3;Março;Guarujá - SP;20406579;36498128
Importação;2026;3;Março;Santos - SP;79547609;110989929
Importação;2026;4;Abril;Cubatão - SP;77880220;167507685
Importação;2026;4;Abril;Guarujá - SP;32262471;61809346
Importação;2026;4;Abril;Santos - SP;160719360;170666944
Importação;2026;5;Maio;Cubatão - SP;54507861;122503359
Importação;2026;5;Maio;Guarujá - SP;31815528;49852443
Importação;2026;5;Maio;Santos - SP;198285617;220437540
Importação;2026;6;Junho;Cubatão - SP;89040912;185525162
Importação;2026;6;Junho;Guarujá - SP;26666884;65881954
Importação;2026;6;Junho;Santos - SP;91927610;140402112
Importação;2026;7;Julho;Cubatão - SP;138003049;214516389
Importação;2026;7;Julho;Guarujá - SP;26016523;60958388
Importação;2026;7;Julho;Santos - SP;100095698;169468716
